构型 CONFIG=skid (planar=0)  workers=128  rounds=40  seeds=0 1  codever=v25.2-sliproll-mufix
[fresh] outputs/v25_skid_p9 是旧版物理的产物（或无版本戳），挪到 outputs/v25_skid_p9_stale_0914_0448
[fresh] outputs/v25_skid_data 是旧版物理的产物（或无版本戳），挪到 outputs/v25_skid_data_stale_0914_0448
[fresh] outputs/v25_skid_e5 是旧版物理的产物（或无版本戳），挪到 outputs/v25_skid_e5_stale_0914_0448
[fresh] outputs/v25_skid_e5_s1 是旧版物理的产物（或无版本戳），挪到 outputs/v25_skid_e5_s1_stale_0914_0448
[fresh] outputs/v25_skid_root 是旧版物理的产物（或无版本戳），挪到 outputs/v25_skid_root_stale_0914_0448
[fresh] outputs/v25_skid_e18b 是旧版物理的产物（或无版本戳），挪到 outputs/v25_skid_e18b_stale_0914_0448
日志 logs/v25_skid_20260914_044830.log

=========== 0/6 · 回归测试（对 v2.3 存档逐条比 peak_a，要求最大偏差 < 0.5%） ===========
[p9/reg] 297 个点，多进程 128
      200/297 失败 0 (16s, 预计剩 8s)
      297/297 失败 0 (18s, 预计剩 0s)
==========================================================================
回归测试：planar=False, v_x=0，与 v2.3 工厂存档逐条比 peak_a
   n = 297（失败 0）
   相对偏差：中位 +0.0003%   P95 0.1129%   最大 0.3704%
   → 通过（最大偏差 < 0.5%），重构没动物理。
==========================================================================
退出码 0
[累计 0 分钟]

=========== 1/6 · P9a 准入体检（三条数值判据 + 用可行率给 Fr 上界定标） ===========
[p9/a] 9600 个点，多进程 128
      200/9600 失败 13 (12s, 预计剩 565s)
      400/9600 失败 22 (23s, 预计剩 537s)
      600/9600 失败 25 (29s, 预计剩 442s)
      800/9600 失败 25 (31s, 预计剩 340s)
      1000/9600 失败 27 (37s, 预计剩 315s)
      1200/9600 失败 36 (46s, 预计剩 321s)
      1400/9600 失败 40 (50s, 预计剩 290s)
      1600/9600 失败 40 (56s, 预计剩 282s)
      1800/9600 失败 40 (62s, 预计剩 270s)
      2000/9600 失败 44 (68s, 预计剩 257s)
      2200/9600 失败 53 (74s, 预计剩 250s)
      2400/9600 失败 58 (81s, 预计剩 242s)
      2600/9600 失败 60 (87s, 预计剩 233s)
      2800/9600 失败 60 (92s, 预计剩 225s)
      3000/9600 失败 66 (99s, 预计剩 218s)
      3200/9600 失败 75 (106s, 预计剩 212s)
      3400/9600 失败 75 (111s, 预计剩 203s)
      3600/9600 失败 75 (118s, 预计剩 196s)
      3800/9600 失败 75 (124s, 预计剩 190s)
      4000/9600 失败 83 (130s, 预计剩 183s)
      4200/9600 失败 90 (136s, 预计剩 175s)
      4400/9600 失败 90 (145s, 预计剩 171s)
      4600/9600 失败 90 (148s, 预计剩 161s)
      4800/9600 失败 90 (155s, 预计剩 155s)
      5000/9600 失败 100 (161s, 预计剩 148s)
      5200/9600 失败 105 (167s, 预计剩 141s)
      5400/9600 失败 105 (173s, 预计剩 135s)
      5600/9600 失败 105 (180s, 预计剩 128s)
      5800/9600 失败 107 (186s, 预计剩 122s)
      6000/9600 失败 116 (194s, 预计剩 116s)
      6200/9600 失败 120 (203s, 预计剩 112s)
      6400/9600 失败 120 (209s, 预计剩 104s)
      6600/9600 失败 120 (212s, 预计剩 96s)
      6800/9600 失败 124 (217s, 预计剩 89s)
      7000/9600 失败 133 (225s, 预计剩 83s)
      7200/9600 失败 137 (234s, 预计剩 78s)
      7400/9600 失败 141 (239s, 预计剩 71s)
      7600/9600 失败 144 (244s, 预计剩 64s)
      7800/9600 失败 151 (251s, 预计剩 58s)
      8000/9600 失败 160 (257s, 预计剩 51s)
      8200/9600 失败 160 (263s, 预计剩 45s)
      8400/9600 失败 161 (270s, 预计剩 39s)
      8600/9600 失败 164 (275s, 预计剩 32s)
      8800/9600 失败 170 (281s, 预计剩 26s)
      9000/9600 失败 175 (288s, 预计剩 19s)
      9200/9600 失败 175 (294s, 预计剩 13s)
      9400/9600 失败 175 (301s, 预计剩 6s)
      9600/9600 失败 175 (304s, 预计剩 0s)

******************************
DYNAMIC SOLVER FAILED:
  use showHints=True to show helpful information
******************************


******************************
DYNAMIC SOLVER FAILED:
  use showHints=True to show helpful information
******************************


******************************
DYNAMIC SOLVER FAILED:
  use showHints=True to show helpful information
******************************


******************************
DYNAMIC SOLVER FAILED:
  use showHints=True to show helpful information
******************************


******************************
DYNAMIC SOLVER FAILED:
  use showHints=True to show helpful information
******************************


******************************
DYNAMIC SOLVER FAILED:
  use showHints=True to show helpful information
******************************


******************************
DYNAMIC SOLVER FAILED:
  use showHints=True to show helpful information
******************************


******************************
DYNAMIC SOLVER FAILED:
  use showHints=True to show helpful information
******************************


******************************
DYNAMIC SOLVER FAILED:
  use showHints=True to show helpful information
******************************


******************************
DYNAMIC SOLVER FAILED:
  use showHints=True to show helpful information
******************************


******************************
DYNAMIC SOLVER FAILED:
  use showHints=True to show helpful information
******************************


******************************
DYNAMIC SOLVER FAILED:
  use showHints=True to show helpful information
******************************


******************************
DYNAMIC SOLVER FAILED:
  use showHints=True to show helpful information
******************************


******************************
DYNAMIC SOLVER FAILED:
  use showHints=True to show helpful information
******************************


******************************
DYNAMIC SOLVER FAILED:
  use showHints=True to show helpful information
******************************

→ outputs/v25_skid_p9/p9_a.jsonl
==========================================================================
准入体检（planar=False, Fr ∈ [0,2]）
   总点数 9600，solver 失败 175（1.8%）
   失败原因：[('collapse', 160), ('solver', 15)]
   1 失败率 ≤ 10%              : 过 (1.8%)
   2 max(e_gain) < 0.02（不造能）: 过 (最大 -1.0567，中位 -1.22)
   3 slip 随 Fr 单调             : 过
--------------------------------------------------------------------------
   4 ★ 可行率随 Fr 怎么掉（据此定主工厂的 Fr 上界）
          Fr       可行率%       滑移中位mm        滑移/L1     a_res中位g
         0.0       19.7         12.1         0.11         6.20
         0.5       19.7         12.1         0.11         6.20
         1.0       19.7         12.1         0.11         6.20
         1.5       19.7         12.1         0.11         6.20
         2.0       19.7         12.1         0.11         6.20
      → 可行率 ≥ 20% 的最大 Fr = **0.0**
        比原定的 2.0 低。主工厂的 --fr-max 应改成这个数，
        否则一大半样本落在物理上站不住的区间里，训练目标会被污染。
--------------------------------------------------------------------------
→ 三条数值判据全过。Fr 上界按上面第 4 条取。
==========================================================================
退出码 0
[累计 5 分钟]
[v25/skid] 主工厂的 Fr 上界取 0.0（P9a 实测定标，上限 0.0）
[v25/skid] Fr 恒为 0 → 条件仍是 6 维但第 6 维退化，等价于纯垂直着陆。

=========== 1b/6 · μ 扫描（求临界摩擦系数，Fr=0，硬地） ===========
[p9/mu] 13440 个点，多进程 128
      200/13440 失败 11 (17s, 预计剩 1155s)
      400/13440 失败 12 (20s, 预计剩 649s)
      600/13440 失败 19 (32s, 预计剩 695s)
      800/13440 失败 21 (33s, 预计剩 519s)
      1000/13440 失败 25 (38s, 预计剩 473s)
      1200/13440 失败 26 (44s, 预计剩 447s)
      1400/13440 失败 28 (53s, 预计剩 460s)
      1600/13440 失败 29 (57s, 预计剩 419s)
      1800/13440 失败 31 (62s, 预计剩 401s)
      2000/13440 失败 31 (69s, 预计剩 394s)
      2200/13440 失败 31 (76s, 预计剩 388s)
      2400/13440 失败 31 (82s, 预计剩 378s)
      2600/13440 失败 31 (87s, 预计剩 363s)
      2800/13440 失败 31 (94s, 预计剩 356s)
      3000/13440 失败 32 (100s, 预计剩 348s)
      3200/13440 失败 32 (107s, 预计剩 343s)
      3400/13440 失败 33 (112s, 预计剩 331s)
      3600/13440 失败 33 (118s, 预计剩 322s)
      3800/13440 失败 33 (125s, 预计剩 316s)
      4000/13440 失败 33 (131s, 预计剩 309s)
      4200/13440 失败 33 (136s, 预计剩 300s)
      4400/13440 失败 33 (143s, 预计剩 294s)
      4600/13440 失败 39 (150s, 预计剩 289s)
      4800/13440 失败 43 (156s, 预计剩 281s)
      5000/13440 失败 47 (162s, 预计剩 273s)
      5200/13440 失败 51 (168s, 预计剩 266s)
      5400/13440 失败 52 (175s, 预计剩 260s)
      5600/13440 失败 55 (182s, 预计剩 255s)
      5800/13440 失败 55 (187s, 预计剩 246s)
      6000/13440 失败 57 (193s, 预计剩 240s)
      6200/13440 失败 57 (199s, 预计剩 232s)
      6400/13440 失败 58 (207s, 预计剩 227s)
      6600/13440 失败 58 (213s, 预计剩 220s)
      6800/13440 失败 58 (219s, 预计剩 214s)
      7000/13440 失败 58 (225s, 预计剩 207s)
      7200/13440 失败 58 (232s, 预计剩 201s)
      7400/13440 失败 58 (237s, 预计剩 194s)
      7600/13440 失败 60 (243s, 预计剩 187s)
      7800/13440 失败 61 (250s, 预计剩 180s)
      8000/13440 失败 62 (256s, 预计剩 174s)
      8200/13440 失败 62 (262s, 预计剩 167s)
      8400/13440 失败 65 (268s, 预计剩 161s)
      8600/13440 失败 65 (275s, 预计剩 155s)
      8800/13440 失败 65 (281s, 预计剩 148s)
      9000/13440 失败 68 (288s, 预计剩 142s)
      9200/13440 失败 75 (295s, 预计剩 136s)
      9400/13440 失败 75 (300s, 预计剩 129s)
      9600/13440 失败 81 (307s, 预计剩 123s)
      9800/13440 失败 81 (313s, 预计剩 116s)
      10000/13440 失败 86 (320s, 预计剩 110s)
      10200/13440 失败 86 (326s, 预计剩 104s)
      10400/13440 失败 88 (333s, 预计剩 97s)
      10600/13440 失败 89 (339s, 预计剩 91s)
      10800/13440 失败 89 (346s, 预计剩 85s)
      11000/13440 失败 89 (352s, 预计剩 78s)
      11200/13440 失败 92 (360s, 预计剩 72s)
      11400/13440 失败 92 (366s, 预计剩 65s)
      11600/13440 失败 92 (372s, 预计剩 59s)
      11800/13440 失败 93 (379s, 预计剩 53s)
      12000/13440 失败 93 (384s, 预计剩 46s)
      12200/13440 失败 94 (391s, 预计剩 40s)
      12400/13440 失败 95 (397s, 预计剩 33s)
      12600/13440 失败 98 (405s, 预计剩 27s)
      12800/13440 失败 101 (410s, 预计剩 21s)
      13000/13440 失败 102 (417s, 预计剩 14s)
      13200/13440 失败 102 (424s, 预计剩 8s)
      13400/13440 失败 103 (427s, 预计剩 1s)
      13440/13440 失败 103 (427s, 预计剩 0s)

******************************
DYNAMIC SOLVER FAILED:
  use showHints=True to show helpful information
******************************


******************************
DYNAMIC SOLVER FAILED:
  use showHints=True to show helpful information
******************************


******************************
DYNAMIC SOLVER FAILED:
  use showHints=True to show helpful information
******************************


******************************
DYNAMIC SOLVER FAILED:
  use showHints=True to show helpful information
******************************


******************************
DYNAMIC SOLVER FAILED:
  use showHints=True to show helpful information
******************************


******************************
DYNAMIC SOLVER FAILED:
  use showHints=True to show helpful information
******************************


******************************
DYNAMIC SOLVER FAILED:
  use showHints=True to show helpful information
******************************


******************************
DYNAMIC SOLVER FAILED:
  use showHints=True to show helpful information
******************************


******************************
DYNAMIC SOLVER FAILED:
  use showHints=True to show helpful information
******************************


******************************
DYNAMIC SOLVER FAILED:
  use showHints=True to show helpful information
******************************


******************************
DYNAMIC SOLVER FAILED:
  use showHints=True to show helpful information
******************************


******************************
DYNAMIC SOLVER FAILED:
  use showHints=True to show helpful information
******************************


******************************
DYNAMIC SOLVER FAILED:
  use showHints=True to show helpful information
******************************


******************************
DYNAMIC SOLVER FAILED:
  use showHints=True to show helpful information
******************************


******************************
DYNAMIC SOLVER FAILED:
  use showHints=True to show helpful information
******************************


******************************
DYNAMIC SOLVER FAILED:
  use showHints=True to show helpful information
******************************


******************************
DYNAMIC SOLVER FAILED:
  use showHints=True to show helpful information
******************************


******************************
DYNAMIC SOLVER FAILED:
  use showHints=True to show helpful information
******************************


******************************
DYNAMIC SOLVER FAILED:
  use showHints=True to show helpful information
******************************


******************************
DYNAMIC SOLVER FAILED:
  use showHints=True to show helpful information
******************************


******************************
DYNAMIC SOLVER FAILED:
  use showHints=True to show helpful information
******************************


******************************
DYNAMIC SOLVER FAILED:
  use showHints=True to show helpful information
******************************


******************************
DYNAMIC SOLVER FAILED:
  use showHints=True to show helpful information
******************************


******************************
DYNAMIC SOLVER FAILED:
  use showHints=True to show helpful information
******************************


******************************
DYNAMIC SOLVER FAILED:
  use showHints=True to show helpful information
******************************


******************************
DYNAMIC SOLVER FAILED:
  use showHints=True to show helpful information
******************************


******************************
DYNAMIC SOLVER FAILED:
  use showHints=True to show helpful information
******************************


******************************
DYNAMIC SOLVER FAILED:
  use showHints=True to show helpful information
******************************


******************************
DYNAMIC SOLVER FAILED:
  use showHints=True to show helpful information
******************************

==========================================================================
μ 扫描：多大的摩擦系数才能让足端站住（Fr=0，硬地 k_c=1e6，滑移<2mm 算站住）
     q1_0     μ_crit    tan(前倾)   各 μ 下的站住率
      28°       1.00       1.00   0% 5% 18% 33% 54% 78% 77%
      31°       1.00       0.90   1% 16% 27% 39% 66% 79% 79%
      34°       1.00       0.81   7% 21% 31% 42% 76% 81% 81%
      37°       0.70       0.73   16% 28% 35% 55% 83% 84% 84%
      40°       0.70       0.65   24% 33% 43% 70% 85% 85% 85%
      43°       0.70       0.58   31% 38% 47% 79% 86% 86% 86%
      46°       0.50       0.51   33% 45% 58% 85% 87% 87% 87%
      49°       0.50       0.44   39% 49% 71% 87% 88% 87% 87%
      52°       0.40       0.38   45% 62% 80% 87% 87% 88% 87%
      55°       0.30       0.32   54% 76% 87% 89% 89% 88% 89%
   （最后一列依次对应 μ = 0.30, 0.40, 0.50, 0.70, 1.00, 1.50, 2.50）
--------------------------------------------------------------------------
   μ_crit 跨 28–55° 的范围：0.30 – 1.00
   与 E26 的 tan(前倾角) 估计：中位相对偏差 8% —— 估计站得住，E26 那张表可以用
   打印尼龙对混凝土 0.30–0.40 —— **不够，仿鸟构型在硬地上需要抓地结构（齿/爪/高摩擦垫）**
==========================================================================
退出码 0
[累计 12 分钟]

=========== 2/6 · P9b 跳过（对置构型不能带水平速度，见上面的说明）===========
[累计 12 分钟]

=========== 3/6 · 数据工厂 v2.5（10 维设计 + 6 维条件 + 面内平动） ===========
[factory-v2] 质量范围 4–36 kg  ·  足端定尺 = bearing
[factory-v2] 设计维 10  ·  面内平动 planar=False  ·  Fr ∈ [0, 0.0]（40% 精确取零）
[factory-v2] 臂=bio  独立块 375 + 路径 25束×5步 = 500 块 × 120 设计 × 2 遍 = 120000 次仿真
[factory-v2] 路径占比 25%  先验: {"arm": "bio", "a": 0.4789938330118746, "b": 0.39112926377807683, "sigma": 0.07835045439266342, "u_max": 2.5, "L1_ref_mm": 73.01823105157997, "clip": false, "v21": true, "v25": true, "ndim": 10, "kap_range": [[0.75, 8.0], [1.5, 8.0], [3.0, 32.0]], "zeta_range": [0.005, 0.1], "tha_range": [113.0, 160.0], "thk_range": [118.0, 157.0], "q1_range": [27.6, 54.8], "outside_observed": 0.11675, "fit_n": 214, "fit_r2": 0.754128606756704}

******************************
DYNAMIC SOLVER FAILED:
  use showHints=True to show helpful information
******************************


******************************
DYNAMIC SOLVER FAILED:
  use showHints=True to show helpful information
******************************


******************************
DYNAMIC SOLVER FAILED:
  use showHints=True to show helpful information
******************************


******************************
DYNAMIC SOLVER FAILED:
  use showHints=True to show helpful information
******************************


******************************
DYNAMIC SOLVER FAILED:
  use showHints=True to show helpful information
******************************


******************************
DYNAMIC SOLVER FAILED:
  use showHints=True to show helpful information
******************************


******************************
DYNAMIC SOLVER FAILED:
  use showHints=True to show helpful information
******************************


******************************
DYNAMIC SOLVER FAILED:
  use showHints=True to show helpful information
******************************


******************************
DYNAMIC SOLVER FAILED:
  use showHints=True to show helpful information
******************************


******************************
DYNAMIC SOLVER FAILED:
  use showHints=True to show helpful information
******************************


******************************
DYNAMIC SOLVER FAILED:
  use showHints=True to show helpful information
******************************


******************************
DYNAMIC SOLVER FAILED:
  use showHints=True to show helpful information
******************************


******************************
DYNAMIC SOLVER FAILED:
  use showHints=True to show helpful information
******************************


******************************
DYNAMIC SOLVER FAILED:
  use showHints=True to show helpful information
******************************


******************************
DYNAMIC SOLVER FAILED:
  use showHints=True to show helpful information
******************************


******************************
DYNAMIC SOLVER FAILED:
  use showHints=True to show helpful information
******************************


******************************
DYNAMIC SOLVER FAILED:
  use showHints=True to show helpful information
******************************


******************************
DYNAMIC SOLVER FAILED:
  use showHints=True to show helpful information
******************************


******************************
DYNAMIC SOLVER FAILED:
  use showHints=True to show helpful information
******************************


******************************
DYNAMIC SOLVER FAILED:
  use showHints=True to show helpful information
******************************


******************************
DYNAMIC SOLVER FAILED:
  use showHints=True to show helpful information
******************************


******************************
DYNAMIC SOLVER FAILED:
  use showHints=True to show helpful information
******************************


******************************
DYNAMIC SOLVER FAILED:
  use showHints=True to show helpful information
******************************


******************************
DYNAMIC SOLVER FAILED:
  use showHints=True to show helpful information
******************************


******************************
DYNAMIC SOLVER FAILED:
  use showHints=True to show helpful information
******************************


******************************
DYNAMIC SOLVER FAILED:
  use showHints=True to show helpful information
******************************


******************************
DYNAMIC SOLVER FAILED:
  use showHints=True to show helpful information
******************************


******************************
DYNAMIC SOLVER FAILED:
  use showHints=True to show helpful information
******************************


******************************
DYNAMIC SOLVER FAILED:
  use showHints=True to show helpful information
******************************


******************************
DYNAMIC SOLVER FAILED:
  use showHints=True to show helpful information
******************************


******************************
DYNAMIC SOLVER FAILED:
  use showHints=True to show helpful information
******************************


******************************
DYNAMIC SOLVER FAILED:
  use showHints=True to show helpful information
******************************


******************************
DYNAMIC SOLVER FAILED:
  use showHints=True to show helpful information
******************************


******************************
DYNAMIC SOLVER FAILED:
  use showHints=True to show helpful information
******************************


******************************
DYNAMIC SOLVER FAILED:
  use showHints=True to show helpful information
******************************


******************************
DYNAMIC SOLVER FAILED:
  use showHints=True to show helpful information
******************************


******************************
DYNAMIC SOLVER FAILED:
  use showHints=True to show helpful information
******************************


******************************
DYNAMIC SOLVER FAILED:
  use showHints=True to show helpful information
******************************


******************************
DYNAMIC SOLVER FAILED:
  use showHints=True to show helpful information
******************************


******************************
DYNAMIC SOLVER FAILED:
  use showHints=True to show helpful information
******************************


******************************
DYNAMIC SOLVER FAILED:
  use showHints=True to show helpful information
******************************


******************************
DYNAMIC SOLVER FAILED:
  use showHints=True to show helpful information
******************************


******************************
DYNAMIC SOLVER FAILED:
  use showHints=True to show helpful information
******************************


******************************
DYNAMIC SOLVER FAILED:
  use showHints=True to show helpful information
******************************


******************************
DYNAMIC SOLVER FAILED:
  use showHints=True to show helpful information
******************************


******************************
DYNAMIC SOLVER FAILED:
  use showHints=True to show helpful information
******************************


******************************
DYNAMIC SOLVER FAILED:
  use showHints=True to show helpful information
******************************


******************************
DYNAMIC SOLVER FAILED:
  use showHints=True to show helpful information
******************************


******************************
DYNAMIC SOLVER FAILED:
  use showHints=True to show helpful information
******************************


******************************
DYNAMIC SOLVER FAILED:
  use showHints=True to show helpful information
******************************


******************************
DYNAMIC SOLVER FAILED:
  use showHints=True to show helpful information
******************************


******************************
DYNAMIC SOLVER FAILED:
  use showHints=True to show helpful information
******************************


******************************
DYNAMIC SOLVER FAILED:
  use showHints=True to show helpful information
******************************


******************************
DYNAMIC SOLVER FAILED:
  use showHints=True to show helpful information
******************************


******************************
DYNAMIC SOLVER FAILED:
  use showHints=True to show helpful information
******************************


******************************
DYNAMIC SOLVER FAILED:
  use showHints=True to show helpful information
******************************


******************************
DYNAMIC SOLVER FAILED:
  use showHints=True to show helpful information
******************************


******************************
DYNAMIC SOLVER FAILED:
  use showHints=True to show helpful information
******************************


******************************
DYNAMIC SOLVER FAILED:
  use showHints=True to show helpful information
******************************


******************************
DYNAMIC SOLVER FAILED:
  use showHints=True to show helpful information
******************************

[factory-v2] 10/500  本块失败 0/120  (98s, ~9.8s/块, 预计剩 80 分钟)
[factory-v2] 20/500  本块失败 0/120  (192s, ~9.6s/块, 预计剩 77 分钟)
[factory-v2] 30/500  本块失败 1/120  (283s, ~9.4s/块, 预计剩 74 分钟)
[factory-v2] 40/500  本块失败 0/120  (366s, ~9.2s/块, 预计剩 70 分钟)
[factory-v2] 50/500  本块失败 0/120  (445s, ~8.9s/块, 预计剩 67 分钟)
[factory-v2] 60/500  本块失败 2/120  (539s, ~9.0s/块, 预计剩 66 分钟)
[factory-v2] 70/500  本块失败 0/120  (628s, ~9.0s/块, 预计剩 64 分钟)
[factory-v2] 80/500  本块失败 1/120  (710s, ~8.9s/块, 预计剩 62 分钟)
[factory-v2] 90/500  本块失败 1/120  (793s, ~8.8s/块, 预计剩 60 分钟)
[factory-v2] 100/500  本块失败 1/120  (881s, ~8.8s/块, 预计剩 59 分钟)
[factory-v2] 110/500  本块失败 1/120  (979s, ~8.9s/块, 预计剩 58 分钟)
[factory-v2] 120/500  本块失败 4/120  (1069s, ~8.9s/块, 预计剩 56 分钟)
[factory-v2] 130/500  本块失败 1/120  (1156s, ~8.9s/块, 预计剩 55 分钟)
[factory-v2] 140/500  本块失败 1/120  (1229s, ~8.8s/块, 预计剩 53 分钟)
[factory-v2] 150/500  本块失败 0/120  (1315s, ~8.8s/块, 预计剩 51 分钟)
[factory-v2] 160/500  本块失败 2/120  (1396s, ~8.7s/块, 预计剩 49 分钟)
[factory-v2] 170/500  本块失败 0/120  (1481s, ~8.7s/块, 预计剩 48 分钟)
[factory-v2] 180/500  本块失败 0/120  (1572s, ~8.7s/块, 预计剩 47 分钟)
[factory-v2] 190/500  本块失败 0/120  (1657s, ~8.7s/块, 预计剩 45 分钟)
[factory-v2] 200/500  本块失败 0/120  (1749s, ~8.7s/块, 预计剩 44 分钟)
[factory-v2] 210/500  本块失败 2/120  (1824s, ~8.7s/块, 预计剩 42 分钟)
[factory-v2] 220/500  本块失败 0/120  (1912s, ~8.7s/块, 预计剩 41 分钟)
[factory-v2] 230/500  本块失败 0/120  (2006s, ~8.7s/块, 预计剩 39 分钟)
[factory-v2] 240/500  本块失败 1/120  (2087s, ~8.7s/块, 预计剩 38 分钟)
[factory-v2] 250/500  本块失败 1/120  (2170s, ~8.7s/块, 预计剩 36 分钟)
[factory-v2] 260/500  本块失败 0/120  (2260s, ~8.7s/块, 预计剩 35 分钟)
[factory-v2] 270/500  本块失败 2/120  (2354s, ~8.7s/块, 预计剩 33 分钟)
[factory-v2] 280/500  本块失败 0/120  (2441s, ~8.7s/块, 预计剩 32 分钟)
[factory-v2] 290/500  本块失败 9/120  (2536s, ~8.7s/块, 预计剩 31 分钟)
[factory-v2] 300/500  本块失败 2/120  (2621s, ~8.7s/块, 预计剩 29 分钟)
[factory-v2] 310/500  本块失败 1/120  (2709s, ~8.7s/块, 预计剩 28 分钟)
[factory-v2] 320/500  本块失败 0/120  (2803s, ~8.8s/块, 预计剩 26 分钟)
[factory-v2] 330/500  本块失败 0/120  (2907s, ~8.8s/块, 预计剩 25 分钟)
[factory-v2] 340/500  本块失败 18/120  (2994s, ~8.8s/块, 预计剩 23 分钟)
[factory-v2] 350/500  本块失败 4/120  (3073s, ~8.8s/块, 预计剩 22 分钟)
[factory-v2] 360/500  本块失败 1/120  (3156s, ~8.8s/块, 预计剩 20 分钟)
[factory-v2] 370/500  本块失败 0/120  (3236s, ~8.7s/块, 预计剩 19 分钟)
[factory-v2] 380/500  本块失败 2/120  (3324s, ~8.7s/块, 预计剩 17 分钟)
[factory-v2] 390/500  本块失败 1/120  (3425s, ~8.8s/块, 预计剩 16 分钟)
[factory-v2] 400/500  本块失败 1/120  (3510s, ~8.8s/块, 预计剩 15 分钟)
[factory-v2] 410/500  本块失败 2/120  (3599s, ~8.8s/块, 预计剩 13 分钟)
[factory-v2] 420/500  本块失败 0/120  (3697s, ~8.8s/块, 预计剩 12 分钟)
[factory-v2] 430/500  本块失败 0/120  (3778s, ~8.8s/块, 预计剩 10 分钟)
[factory-v2] 440/500  本块失败 1/120  (3850s, ~8.7s/块, 预计剩 9 分钟)
[factory-v2] 450/500  本块失败 0/120  (3945s, ~8.8s/块, 预计剩 7 分钟)
[factory-v2] 460/500  本块失败 1/120  (4045s, ~8.8s/块, 预计剩 6 分钟)
[factory-v2] 470/500  本块失败 0/120  (4140s, ~8.8s/块, 预计剩 4 分钟)
[factory-v2] 480/500  本块失败 1/120  (4218s, ~8.8s/块, 预计剩 3 分钟)
[factory-v2] 490/500  本块失败 2/120  (4309s, ~8.8s/块, 预计剩 1 分钟)
[factory-v2] 500/500  本块失败 0/120  (4386s, ~8.8s/块, 预计剩 0 分钟)
[factory-v2] done → outputs/v25_skid_data/factory.jsonl  (4386s)
退出码 0
[累计 85 分钟]

=========== 4/6 · 训练集（条件 6 维，判据含回弹软闸与打滑闸） ===========
[dataset] 设计维 u_dim = 10   条件维 = 6(含 Froude)
[dataset] 块 500  束 400 → 训练 280 / 验证 60 / 测试 60 (按 bid 切)
  tr:   8659 对
  va:   1920 对
  te:   1892 对
[dataset] 可行 67077 / 240000 (27.9%)   逐闸击杀(可叠加): gcap 17%  smax 41%  细长比 23%  质量 1%  回弹 20%  打滑 7%
[dataset] 平均可行率 27.9%  路径束 25 条 → outputs/v25_skid_data
退出码 0
[累计 85 分钟]

=========== 5/6 · 自提升闭环 ×40 (seed 0 → outputs/v25_skid_e5) ===========
[e5] 设计维 DU = 10  v21 = True  v25 = True  足端定尺 = bearing
[e5] 条件 6 维(含 Froude,上界 0.0)  ·  机体面内自由平动 planar=False
[e5v2] 臂=bio  块 500  束 训练280/验证60/测试60  从第 0 轮续跑

******************************
DYNAMIC SOLVER FAILED:
  use showHints=True to show helpful information
******************************


******************************
DYNAMIC SOLVER FAILED:
  use showHints=True to show helpful information
******************************


******************************
DYNAMIC SOLVER FAILED:
  use showHints=True to show helpful information
******************************


******************************
DYNAMIC SOLVER FAILED:
  use showHints=True to show helpful information
******************************


******************************
DYNAMIC SOLVER FAILED:
  use showHints=True to show helpful information
******************************


******************************
DYNAMIC SOLVER FAILED:
  use showHints=True to show helpful information
******************************


******************************
DYNAMIC SOLVER FAILED:
  use showHints=True to show helpful information
******************************


******************************
DYNAMIC SOLVER FAILED:
  use showHints=True to show helpful information
******************************


******************************
DYNAMIC SOLVER FAILED:
  use showHints=True to show helpful information
******************************


******************************
DYNAMIC SOLVER FAILED:
  use showHints=True to show helpful information
******************************


******************************
DYNAMIC SOLVER FAILED:
  use showHints=True to show helpful information
******************************


******************************
DYNAMIC SOLVER FAILED:
  use showHints=True to show helpful information
******************************


******************************
DYNAMIC SOLVER FAILED:
  use showHints=True to show helpful information
******************************


******************************
DYNAMIC SOLVER FAILED:
  use showHints=True to show helpful information
******************************


******************************
DYNAMIC SOLVER FAILED:
  use showHints=True to show helpful information
******************************


******************************
DYNAMIC SOLVER FAILED:
  use showHints=True to show helpful information
******************************


******************************
DYNAMIC SOLVER FAILED:
  use showHints=True to show helpful information
******************************


******************************
DYNAMIC SOLVER FAILED:
  use showHints=True to show helpful information
******************************


******************************
DYNAMIC SOLVER FAILED:
  use showHints=True to show helpful information
******************************


******************************
DYNAMIC SOLVER FAILED:
  use showHints=True to show helpful information
******************************


******************************
DYNAMIC SOLVER FAILED:
  use showHints=True to show helpful information
******************************


******************************
DYNAMIC SOLVER FAILED:
  use showHints=True to show helpful information
******************************


******************************
DYNAMIC SOLVER FAILED:
  use showHints=True to show helpful information
******************************


******************************
DYNAMIC SOLVER FAILED:
  use showHints=True to show helpful information
******************************


******************************
DYNAMIC SOLVER FAILED:
  use showHints=True to show helpful information
******************************


******************************
DYNAMIC SOLVER FAILED:
  use showHints=True to show helpful information
******************************


******************************
DYNAMIC SOLVER FAILED:
  use showHints=True to show helpful information
******************************


******************************
DYNAMIC SOLVER FAILED:
  use showHints=True to show helpful information
******************************


******************************
DYNAMIC SOLVER FAILED:
  use showHints=True to show helpful information
******************************


******************************
DYNAMIC SOLVER FAILED:
  use showHints=True to show helpful information
******************************


******************************
DYNAMIC SOLVER FAILED:
  use showHints=True to show helpful information
******************************


******************************
DYNAMIC SOLVER FAILED:
  use showHints=True to show helpful information
******************************


******************************
DYNAMIC SOLVER FAILED:
  use showHints=True to show helpful information
******************************


******************************
DYNAMIC SOLVER FAILED:
  use showHints=True to show helpful information
******************************


******************************
DYNAMIC SOLVER FAILED:
  use showHints=True to show helpful information
******************************


******************************
DYNAMIC SOLVER FAILED:
  use showHints=True to show helpful information
******************************


******************************
DYNAMIC SOLVER FAILED:
  use showHints=True to show helpful information
******************************


******************************
DYNAMIC SOLVER FAILED:
  use showHints=True to show helpful information
******************************


******************************
DYNAMIC SOLVER FAILED:
  use showHints=True to show helpful information
******************************


******************************
DYNAMIC SOLVER FAILED:
  use showHints=True to show helpful information
******************************


******************************
DYNAMIC SOLVER FAILED:
  use showHints=True to show helpful information
******************************


******************************
DYNAMIC SOLVER FAILED:
  use showHints=True to show helpful information
******************************


******************************
DYNAMIC SOLVER FAILED:
  use showHints=True to show helpful information
******************************


******************************
DYNAMIC SOLVER FAILED:
  use showHints=True to show helpful information
******************************


******************************
DYNAMIC SOLVER FAILED:
  use showHints=True to show helpful information
******************************


******************************
DYNAMIC SOLVER FAILED:
  use showHints=True to show helpful information
******************************


******************************
DYNAMIC SOLVER FAILED:
  use showHints=True to show helpful information
******************************


******************************
DYNAMIC SOLVER FAILED:
  use showHints=True to show helpful information
******************************


******************************
DYNAMIC SOLVER FAILED:
  use showHints=True to show helpful information
******************************


******************************
DYNAMIC SOLVER FAILED:
  use showHints=True to show helpful information
******************************


******************************
DYNAMIC SOLVER FAILED:
  use showHints=True to show helpful information
******************************


******************************
DYNAMIC SOLVER FAILED:
  use showHints=True to show helpful information
******************************


******************************
DYNAMIC SOLVER FAILED:
  use showHints=True to show helpful information
******************************


******************************
DYNAMIC SOLVER FAILED:
  use showHints=True to show helpful information
******************************


******************************
DYNAMIC SOLVER FAILED:
  use showHints=True to show helpful information
******************************


******************************
DYNAMIC SOLVER FAILED:
  use showHints=True to show helpful information
******************************


******************************
DYNAMIC SOLVER FAILED:
  use showHints=True to show helpful information
******************************


******************************
DYNAMIC SOLVER FAILED:
  use showHints=True to show helpful information
******************************


******************************
DYNAMIC SOLVER FAILED:
  use showHints=True to show helpful information
******************************


******************************
DYNAMIC SOLVER FAILED:
  use showHints=True to show helpful information
******************************


******************************
DYNAMIC SOLVER FAILED:
  use showHints=True to show helpful information
******************************


******************************
DYNAMIC SOLVER FAILED:
  use showHints=True to show helpful information
******************************


******************************
DYNAMIC SOLVER FAILED:
  use showHints=True to show helpful information
******************************


******************************
DYNAMIC SOLVER FAILED:
  use showHints=True to show helpful information
******************************


******************************
DYNAMIC SOLVER FAILED:
  use showHints=True to show helpful information
******************************


******************************
DYNAMIC SOLVER FAILED:
  use showHints=True to show helpful information
******************************


******************************
DYNAMIC SOLVER FAILED:
  use showHints=True to show helpful information
******************************


******************************
DYNAMIC SOLVER FAILED:
  use showHints=True to show helpful information
******************************


******************************
DYNAMIC SOLVER FAILED:
  use showHints=True to show helpful information
******************************


******************************
DYNAMIC SOLVER FAILED:
  use showHints=True to show helpful information
******************************


******************************
DYNAMIC SOLVER FAILED:
  use showHints=True to show helpful information
******************************


******************************
DYNAMIC SOLVER FAILED:
  use showHints=True to show helpful information
******************************


******************************
DYNAMIC SOLVER FAILED:
  use showHints=True to show helpful information
******************************


******************************
DYNAMIC SOLVER FAILED:
  use showHints=True to show helpful information
******************************


******************************
DYNAMIC SOLVER FAILED:
  use showHints=True to show helpful information
******************************


******************************
DYNAMIC SOLVER FAILED:
  use showHints=True to show helpful information
******************************


******************************
DYNAMIC SOLVER FAILED:
  use showHints=True to show helpful information
******************************


******************************
DYNAMIC SOLVER FAILED:
  use showHints=True to show helpful information
******************************


******************************
DYNAMIC SOLVER FAILED:
  use showHints=True to show helpful information
******************************


******************************
DYNAMIC SOLVER FAILED:
  use showHints=True to show helpful information
******************************


******************************
DYNAMIC SOLVER FAILED:
  use showHints=True to show helpful information
******************************


******************************
DYNAMIC SOLVER FAILED:
  use showHints=True to show helpful information
******************************


******************************
DYNAMIC SOLVER FAILED:
  use showHints=True to show helpful information
******************************


******************************
DYNAMIC SOLVER FAILED:
  use showHints=True to show helpful information
******************************


******************************
DYNAMIC SOLVER FAILED:
  use showHints=True to show helpful information
******************************


******************************
DYNAMIC SOLVER FAILED:
  use showHints=True to show helpful information
******************************


******************************
DYNAMIC SOLVER FAILED:
  use showHints=True to show helpful information
******************************


******************************
DYNAMIC SOLVER FAILED:
  use showHints=True to show helpful information
******************************


******************************
DYNAMIC SOLVER FAILED:
  use showHints=True to show helpful information
******************************


******************************
DYNAMIC SOLVER FAILED:
  use showHints=True to show helpful information
******************************


******************************
DYNAMIC SOLVER FAILED:
  use showHints=True to show helpful information
******************************


******************************
DYNAMIC SOLVER FAILED:
  use showHints=True to show helpful information
******************************


******************************
DYNAMIC SOLVER FAILED:
  use showHints=True to show helpful information
******************************


******************************
DYNAMIC SOLVER FAILED:
  use showHints=True to show helpful information
******************************


******************************
DYNAMIC SOLVER FAILED:
  use showHints=True to show helpful information
******************************


******************************
DYNAMIC SOLVER FAILED:
  use showHints=True to show helpful information
******************************


******************************
DYNAMIC SOLVER FAILED:
  use showHints=True to show helpful information
******************************


******************************
DYNAMIC SOLVER FAILED:
  use showHints=True to show helpful information
******************************


******************************
DYNAMIC SOLVER FAILED:
  use showHints=True to show helpful information
******************************


******************************
DYNAMIC SOLVER FAILED:
  use showHints=True to show helpful information
******************************


******************************
DYNAMIC SOLVER FAILED:
  use showHints=True to show helpful information
******************************


******************************
DYNAMIC SOLVER FAILED:
  use showHints=True to show helpful information
******************************


******************************
DYNAMIC SOLVER FAILED:
  use showHints=True to show helpful information
******************************


******************************
DYNAMIC SOLVER FAILED:
  use showHints=True to show helpful information
******************************


******************************
DYNAMIC SOLVER FAILED:
  use showHints=True to show helpful information
******************************


******************************
DYNAMIC SOLVER FAILED:
  use showHints=True to show helpful information
******************************


******************************
DYNAMIC SOLVER FAILED:
  use showHints=True to show helpful information
******************************


******************************
DYNAMIC SOLVER FAILED:
  use showHints=True to show helpful information
******************************


******************************
DYNAMIC SOLVER FAILED:
  use showHints=True to show helpful information
******************************


******************************
DYNAMIC SOLVER FAILED:
  use showHints=True to show helpful information
******************************


******************************
DYNAMIC SOLVER FAILED:
  use showHints=True to show helpful information
******************************


******************************
DYNAMIC SOLVER FAILED:
  use showHints=True to show helpful information
******************************


******************************
DYNAMIC SOLVER FAILED:
  use showHints=True to show helpful information
******************************


******************************
DYNAMIC SOLVER FAILED:
  use showHints=True to show helpful information
******************************


******************************
DYNAMIC SOLVER FAILED:
  use showHints=True to show helpful information
******************************


******************************
DYNAMIC SOLVER FAILED:
  use showHints=True to show helpful information
******************************


******************************
DYNAMIC SOLVER FAILED:
  use showHints=True to show helpful information
******************************


******************************
DYNAMIC SOLVER FAILED:
  use showHints=True to show helpful information
******************************


******************************
DYNAMIC SOLVER FAILED:
  use showHints=True to show helpful information
******************************


******************************
DYNAMIC SOLVER FAILED:
  use showHints=True to show helpful information
******************************


******************************
DYNAMIC SOLVER FAILED:
  use showHints=True to show helpful information
******************************


******************************
DYNAMIC SOLVER FAILED:
  use showHints=True to show helpful information
******************************


******************************
DYNAMIC SOLVER FAILED:
  use showHints=True to show helpful information
******************************


******************************
DYNAMIC SOLVER FAILED:
  use showHints=True to show helpful information
******************************


******************************
DYNAMIC SOLVER FAILED:
  use showHints=True to show helpful information
******************************


******************************
DYNAMIC SOLVER FAILED:
  use showHints=True to show helpful information
******************************


******************************
DYNAMIC SOLVER FAILED:
  use showHints=True to show helpful information
******************************


******************************
DYNAMIC SOLVER FAILED:
  use showHints=True to show helpful information
******************************


******************************
DYNAMIC SOLVER FAILED:
  use showHints=True to show helpful information
******************************


******************************
DYNAMIC SOLVER FAILED:
  use showHints=True to show helpful information
******************************


******************************
DYNAMIC SOLVER FAILED:
  use showHints=True to show helpful information
******************************


******************************
DYNAMIC SOLVER FAILED:
  use showHints=True to show helpful information
******************************


******************************
DYNAMIC SOLVER FAILED:
  use showHints=True to show helpful information
******************************


******************************
DYNAMIC SOLVER FAILED:
  use showHints=True to show helpful information
******************************


******************************
DYNAMIC SOLVER FAILED:
  use showHints=True to show helpful information
******************************


******************************
DYNAMIC SOLVER FAILED:
  use showHints=True to show helpful information
******************************


******************************
DYNAMIC SOLVER FAILED:
  use showHints=True to show helpful information
******************************


******************************
DYNAMIC SOLVER FAILED:
  use showHints=True to show helpful information
******************************


******************************
DYNAMIC SOLVER FAILED:
  use showHints=True to show helpful information
******************************


******************************
DYNAMIC SOLVER FAILED:
  use showHints=True to show helpful information
******************************


******************************
DYNAMIC SOLVER FAILED:
  use showHints=True to show helpful information
******************************


******************************
DYNAMIC SOLVER FAILED:
  use showHints=True to show helpful information
******************************


******************************
DYNAMIC SOLVER FAILED:
  use showHints=True to show helpful information
******************************


******************************
DYNAMIC SOLVER FAILED:
  use showHints=True to show helpful information
******************************


******************************
DYNAMIC SOLVER FAILED:
  use showHints=True to show helpful information
******************************


******************************
DYNAMIC SOLVER FAILED:
  use showHints=True to show helpful information
******************************


******************************
DYNAMIC SOLVER FAILED:
  use showHints=True to show helpful information
******************************


******************************
DYNAMIC SOLVER FAILED:
  use showHints=True to show helpful information
******************************


******************************
DYNAMIC SOLVER FAILED:
  use showHints=True to show helpful information
******************************


******************************
DYNAMIC SOLVER FAILED:
  use showHints=True to show helpful information
******************************


******************************
DYNAMIC SOLVER FAILED:
  use showHints=True to show helpful information
******************************


******************************
DYNAMIC SOLVER FAILED:
  use showHints=True to show helpful information
******************************


******************************
DYNAMIC SOLVER FAILED:
  use showHints=True to show helpful information
******************************


******************************
DYNAMIC SOLVER FAILED:
  use showHints=True to show helpful information
******************************


******************************
DYNAMIC SOLVER FAILED:
  use showHints=True to show helpful information
******************************


******************************
DYNAMIC SOLVER FAILED:
  use showHints=True to show helpful information
******************************


******************************
DYNAMIC SOLVER FAILED:
  use showHints=True to show helpful information
******************************


******************************
DYNAMIC SOLVER FAILED:
  use showHints=True to show helpful information
******************************


******************************
DYNAMIC SOLVER FAILED:
  use showHints=True to show helpful information
******************************


******************************
DYNAMIC SOLVER FAILED:
  use showHints=True to show helpful information
******************************


******************************
DYNAMIC SOLVER FAILED:
  use showHints=True to show helpful information
******************************


******************************
DYNAMIC SOLVER FAILED:
  use showHints=True to show helpful information
******************************


******************************
DYNAMIC SOLVER FAILED:
  use showHints=True to show helpful information
******************************


******************************
DYNAMIC SOLVER FAILED:
  use showHints=True to show helpful information
******************************


******************************
DYNAMIC SOLVER FAILED:
  use showHints=True to show helpful information
******************************


******************************
DYNAMIC SOLVER FAILED:
  use showHints=True to show helpful information
******************************


******************************
DYNAMIC SOLVER FAILED:
  use showHints=True to show helpful information
******************************


******************************
DYNAMIC SOLVER FAILED:
  use showHints=True to show helpful information
******************************


******************************
DYNAMIC SOLVER FAILED:
  use showHints=True to show helpful information
******************************


******************************
DYNAMIC SOLVER FAILED:
  use showHints=True to show helpful information
******************************


******************************
DYNAMIC SOLVER FAILED:
  use showHints=True to show helpful information
******************************


******************************
DYNAMIC SOLVER FAILED:
  use showHints=True to show helpful information
******************************


******************************
DYNAMIC SOLVER FAILED:
  use showHints=True to show helpful information
******************************


******************************
DYNAMIC SOLVER FAILED:
  use showHints=True to show helpful information
******************************


******************************
DYNAMIC SOLVER FAILED:
  use showHints=True to show helpful information
******************************


******************************
DYNAMIC SOLVER FAILED:
  use showHints=True to show helpful information
******************************


******************************
DYNAMIC SOLVER FAILED:
  use showHints=True to show helpful information
******************************


******************************
DYNAMIC SOLVER FAILED:
  use showHints=True to show helpful information
******************************


******************************
DYNAMIC SOLVER FAILED:
  use showHints=True to show helpful information
******************************


******************************
DYNAMIC SOLVER FAILED:
  use showHints=True to show helpful information
******************************


******************************
DYNAMIC SOLVER FAILED:
  use showHints=True to show helpful information
******************************


******************************
DYNAMIC SOLVER FAILED:
  use showHints=True to show helpful information
******************************


******************************
DYNAMIC SOLVER FAILED:
  use showHints=True to show helpful information
******************************


******************************
DYNAMIC SOLVER FAILED:
  use showHints=True to show helpful information
******************************


******************************
DYNAMIC SOLVER FAILED:
  use showHints=True to show helpful information
******************************


******************************
DYNAMIC SOLVER FAILED:
  use showHints=True to show helpful information
******************************


******************************
DYNAMIC SOLVER FAILED:
  use showHints=True to show helpful information
******************************


******************************
DYNAMIC SOLVER FAILED:
  use showHints=True to show helpful information
******************************


******************************
DYNAMIC SOLVER FAILED:
  use showHints=True to show helpful information
******************************


******************************
DYNAMIC SOLVER FAILED:
  use showHints=True to show helpful information
******************************


******************************
DYNAMIC SOLVER FAILED:
  use showHints=True to show helpful information
******************************


******************************
DYNAMIC SOLVER FAILED:
  use showHints=True to show helpful information
******************************


******************************
DYNAMIC SOLVER FAILED:
  use showHints=True to show helpful information
******************************


******************************
DYNAMIC SOLVER FAILED:
  use showHints=True to show helpful information
******************************


******************************
DYNAMIC SOLVER FAILED:
  use showHints=True to show helpful information
******************************


******************************
DYNAMIC SOLVER FAILED:
  use showHints=True to show helpful information
******************************


******************************
DYNAMIC SOLVER FAILED:
  use showHints=True to show helpful information
******************************


******************************
DYNAMIC SOLVER FAILED:
  use showHints=True to show helpful information
******************************


******************************
DYNAMIC SOLVER FAILED:
  use showHints=True to show helpful information
******************************


******************************
DYNAMIC SOLVER FAILED:
  use showHints=True to show helpful information
******************************


******************************
DYNAMIC SOLVER FAILED:
  use showHints=True to show helpful information
******************************


******************************
DYNAMIC SOLVER FAILED:
  use showHints=True to show helpful information
******************************


******************************
DYNAMIC SOLVER FAILED:
  use showHints=True to show helpful information
******************************


******************************
DYNAMIC SOLVER FAILED:
  use showHints=True to show helpful information
******************************


******************************
DYNAMIC SOLVER FAILED:
  use showHints=True to show helpful information
******************************


******************************
DYNAMIC SOLVER FAILED:
  use showHints=True to show helpful information
******************************


******************************
DYNAMIC SOLVER FAILED:
  use showHints=True to show helpful information
******************************


******************************
DYNAMIC SOLVER FAILED:
  use showHints=True to show helpful information
******************************


******************************
DYNAMIC SOLVER FAILED:
  use showHints=True to show helpful information
******************************


******************************
DYNAMIC SOLVER FAILED:
  use showHints=True to show helpful information
******************************


******************************
DYNAMIC SOLVER FAILED:
  use showHints=True to show helpful information
******************************


******************************
DYNAMIC SOLVER FAILED:
  use showHints=True to show helpful information
******************************


******************************
DYNAMIC SOLVER FAILED:
  use showHints=True to show helpful information
******************************


******************************
DYNAMIC SOLVER FAILED:
  use showHints=True to show helpful information
******************************


******************************
DYNAMIC SOLVER FAILED:
  use showHints=True to show helpful information
******************************


******************************
DYNAMIC SOLVER FAILED:
  use showHints=True to show helpful information
******************************


******************************
DYNAMIC SOLVER FAILED:
  use showHints=True to show helpful information
******************************


******************************
DYNAMIC SOLVER FAILED:
  use showHints=True to show helpful information
******************************


******************************
DYNAMIC SOLVER FAILED:
  use showHints=True to show helpful information
******************************


******************************
DYNAMIC SOLVER FAILED:
  use showHints=True to show helpful information
******************************


******************************
DYNAMIC SOLVER FAILED:
  use showHints=True to show helpful information
******************************


******************************
DYNAMIC SOLVER FAILED:
  use showHints=True to show helpful information
******************************


******************************
DYNAMIC SOLVER FAILED:
  use showHints=True to show helpful information
******************************


******************************
DYNAMIC SOLVER FAILED:
  use showHints=True to show helpful information
******************************


******************************
DYNAMIC SOLVER FAILED:
  use showHints=True to show helpful information
******************************


******************************
DYNAMIC SOLVER FAILED:
  use showHints=True to show helpful information
******************************


******************************
DYNAMIC SOLVER FAILED:
  use showHints=True to show helpful information
******************************


******************************
DYNAMIC SOLVER FAILED:
  use showHints=True to show helpful information
******************************


******************************
DYNAMIC SOLVER FAILED:
  use showHints=True to show helpful information
******************************


******************************
DYNAMIC SOLVER FAILED:
  use showHints=True to show helpful information
******************************


******************************
DYNAMIC SOLVER FAILED:
  use showHints=True to show helpful information
******************************


******************************
DYNAMIC SOLVER FAILED:
  use showHints=True to show helpful information
******************************


******************************
DYNAMIC SOLVER FAILED:
  use showHints=True to show helpful information
******************************


******************************
DYNAMIC SOLVER FAILED:
  use showHints=True to show helpful information
******************************


******************************
DYNAMIC SOLVER FAILED:
  use showHints=True to show helpful information
******************************


******************************
DYNAMIC SOLVER FAILED:
  use showHints=True to show helpful information
******************************


******************************
DYNAMIC SOLVER FAILED:
  use showHints=True to show helpful information
******************************


******************************
DYNAMIC SOLVER FAILED:
  use showHints=True to show helpful information
******************************


******************************
DYNAMIC SOLVER FAILED:
  use showHints=True to show helpful information
******************************


******************************
DYNAMIC SOLVER FAILED:
  use showHints=True to show helpful information
******************************


******************************
DYNAMIC SOLVER FAILED:
  use showHints=True to show helpful information
******************************


******************************
DYNAMIC SOLVER FAILED:
  use showHints=True to show helpful information
******************************


******************************
DYNAMIC SOLVER FAILED:
  use showHints=True to show helpful information
******************************


******************************
DYNAMIC SOLVER FAILED:
  use showHints=True to show helpful information
******************************


******************************
DYNAMIC SOLVER FAILED:
  use showHints=True to show helpful information
******************************


******************************
DYNAMIC SOLVER FAILED:
  use showHints=True to show helpful information
******************************


******************************
DYNAMIC SOLVER FAILED:
  use showHints=True to show helpful information
******************************


******************************
DYNAMIC SOLVER FAILED:
  use showHints=True to show helpful information
******************************


******************************
DYNAMIC SOLVER FAILED:
  use showHints=True to show helpful information
******************************


******************************
DYNAMIC SOLVER FAILED:
  use showHints=True to show helpful information
******************************


******************************
DYNAMIC SOLVER FAILED:
  use showHints=True to show helpful information
******************************


******************************
DYNAMIC SOLVER FAILED:
  use showHints=True to show helpful information
******************************


******************************
DYNAMIC SOLVER FAILED:
  use showHints=True to show helpful information
******************************


******************************
DYNAMIC SOLVER FAILED:
  use showHints=True to show helpful information
******************************


******************************
DYNAMIC SOLVER FAILED:
  use showHints=True to show helpful information
******************************


******************************
DYNAMIC SOLVER FAILED:
  use showHints=True to show helpful information
******************************


******************************
DYNAMIC SOLVER FAILED:
  use showHints=True to show helpful information
******************************


******************************
DYNAMIC SOLVER FAILED:
  use showHints=True to show helpful information
******************************


******************************
DYNAMIC SOLVER FAILED:
  use showHints=True to show helpful information
******************************


******************************
DYNAMIC SOLVER FAILED:
  use showHints=True to show helpful information
******************************


******************************
DYNAMIC SOLVER FAILED:
  use showHints=True to show helpful information
******************************


******************************
DYNAMIC SOLVER FAILED:
  use showHints=True to show helpful information
******************************


******************************
DYNAMIC SOLVER FAILED:
  use showHints=True to show helpful information
******************************


******************************
DYNAMIC SOLVER FAILED:
  use showHints=True to show helpful information
******************************


******************************
DYNAMIC SOLVER FAILED:
  use showHints=True to show helpful information
******************************


******************************
DYNAMIC SOLVER FAILED:
  use showHints=True to show helpful information
******************************


******************************
DYNAMIC SOLVER FAILED:
  use showHints=True to show helpful information
******************************


******************************
DYNAMIC SOLVER FAILED:
  use showHints=True to show helpful information
******************************


******************************
DYNAMIC SOLVER FAILED:
  use showHints=True to show helpful information
******************************


******************************
DYNAMIC SOLVER FAILED:
  use showHints=True to show helpful information
******************************


******************************
DYNAMIC SOLVER FAILED:
  use showHints=True to show helpful information
******************************


******************************
DYNAMIC SOLVER FAILED:
  use showHints=True to show helpful information
******************************


******************************
DYNAMIC SOLVER FAILED:
  use showHints=True to show helpful information
******************************


******************************
DYNAMIC SOLVER FAILED:
  use showHints=True to show helpful information
******************************


******************************
DYNAMIC SOLVER FAILED:
  use showHints=True to show helpful information
******************************


******************************
DYNAMIC SOLVER FAILED:
  use showHints=True to show helpful information
******************************


******************************
DYNAMIC SOLVER FAILED:
  use showHints=True to show helpful information
******************************


******************************
DYNAMIC SOLVER FAILED:
  use showHints=True to show helpful information
******************************


******************************
DYNAMIC SOLVER FAILED:
  use showHints=True to show helpful information
******************************


******************************
DYNAMIC SOLVER FAILED:
  use showHints=True to show helpful information
******************************


******************************
DYNAMIC SOLVER FAILED:
  use showHints=True to show helpful information
******************************


******************************
DYNAMIC SOLVER FAILED:
  use showHints=True to show helpful information
******************************


******************************
DYNAMIC SOLVER FAILED:
  use showHints=True to show helpful information
******************************


******************************
DYNAMIC SOLVER FAILED:
  use showHints=True to show helpful information
******************************


******************************
DYNAMIC SOLVER FAILED:
  use showHints=True to show helpful information
******************************


******************************
DYNAMIC SOLVER FAILED:
  use showHints=True to show helpful information
******************************


******************************
DYNAMIC SOLVER FAILED:
  use showHints=True to show helpful information
******************************


******************************
DYNAMIC SOLVER FAILED:
  use showHints=True to show helpful information
******************************


******************************
DYNAMIC SOLVER FAILED:
  use showHints=True to show helpful information
******************************


******************************
DYNAMIC SOLVER FAILED:
  use showHints=True to show helpful information
******************************


******************************
DYNAMIC SOLVER FAILED:
  use showHints=True to show helpful information
******************************


******************************
DYNAMIC SOLVER FAILED:
  use showHints=True to show helpful information
******************************


******************************
DYNAMIC SOLVER FAILED:
  use showHints=True to show helpful information
******************************


******************************
DYNAMIC SOLVER FAILED:
  use showHints=True to show helpful information
******************************


******************************
DYNAMIC SOLVER FAILED:
  use showHints=True to show helpful information
******************************


******************************
DYNAMIC SOLVER FAILED:
  use showHints=True to show helpful information
******************************


******************************
DYNAMIC SOLVER FAILED:
  use showHints=True to show helpful information
******************************


******************************
DYNAMIC SOLVER FAILED:
  use showHints=True to show helpful information
******************************


******************************
DYNAMIC SOLVER FAILED:
  use showHints=True to show helpful information
******************************


******************************
DYNAMIC SOLVER FAILED:
  use showHints=True to show helpful information
******************************


******************************
DYNAMIC SOLVER FAILED:
  use showHints=True to show helpful information
******************************


******************************
DYNAMIC SOLVER FAILED:
  use showHints=True to show helpful information
******************************


******************************
DYNAMIC SOLVER FAILED:
  use showHints=True to show helpful information
******************************


******************************
DYNAMIC SOLVER FAILED:
  use showHints=True to show helpful information
******************************


******************************
DYNAMIC SOLVER FAILED:
  use showHints=True to show helpful information
******************************


******************************
DYNAMIC SOLVER FAILED:
  use showHints=True to show helpful information
******************************


******************************
DYNAMIC SOLVER FAILED:
  use showHints=True to show helpful information
******************************


******************************
DYNAMIC SOLVER FAILED:
  use showHints=True to show helpful information
******************************


******************************
DYNAMIC SOLVER FAILED:
  use showHints=True to show helpful information
******************************


******************************
DYNAMIC SOLVER FAILED:
  use showHints=True to show helpful information
******************************


******************************
DYNAMIC SOLVER FAILED:
  use showHints=True to show helpful information
******************************


******************************
DYNAMIC SOLVER FAILED:
  use showHints=True to show helpful information
******************************


******************************
DYNAMIC SOLVER FAILED:
  use showHints=True to show helpful information
******************************


******************************
DYNAMIC SOLVER FAILED:
  use showHints=True to show helpful information
******************************


******************************
DYNAMIC SOLVER FAILED:
  use showHints=True to show helpful information
******************************


******************************
DYNAMIC SOLVER FAILED:
  use showHints=True to show helpful information
******************************


******************************
DYNAMIC SOLVER FAILED:
  use showHints=True to show helpful information
******************************


******************************
DYNAMIC SOLVER FAILED:
  use showHints=True to show helpful information
******************************


******************************
DYNAMIC SOLVER FAILED:
  use showHints=True to show helpful information
******************************


******************************
DYNAMIC SOLVER FAILED:
  use showHints=True to show helpful information
******************************


******************************
DYNAMIC SOLVER FAILED:
  use showHints=True to show helpful information
******************************


******************************
DYNAMIC SOLVER FAILED:
  use showHints=True to show helpful information
******************************


******************************
DYNAMIC SOLVER FAILED:
  use showHints=True to show helpful information
******************************


******************************
DYNAMIC SOLVER FAILED:
  use showHints=True to show helpful information
******************************


******************************
DYNAMIC SOLVER FAILED:
  use showHints=True to show helpful information
******************************


******************************
DYNAMIC SOLVER FAILED:
  use showHints=True to show helpful information
******************************


******************************
DYNAMIC SOLVER FAILED:
  use showHints=True to show helpful information
******************************


******************************
DYNAMIC SOLVER FAILED:
  use showHints=True to show helpful information
******************************


******************************
DYNAMIC SOLVER FAILED:
  use showHints=True to show helpful information
******************************


******************************
DYNAMIC SOLVER FAILED:
  use showHints=True to show helpful information
******************************


******************************
DYNAMIC SOLVER FAILED:
  use showHints=True to show helpful information
******************************


******************************
DYNAMIC SOLVER FAILED:
  use showHints=True to show helpful information
******************************


******************************
DYNAMIC SOLVER FAILED:
  use showHints=True to show helpful information
******************************


******************************
DYNAMIC SOLVER FAILED:
  use showHints=True to show helpful information
******************************


******************************
DYNAMIC SOLVER FAILED:
  use showHints=True to show helpful information
******************************


******************************
DYNAMIC SOLVER FAILED:
  use showHints=True to show helpful information
******************************


******************************
DYNAMIC SOLVER FAILED:
  use showHints=True to show helpful information
******************************


******************************
DYNAMIC SOLVER FAILED:
  use showHints=True to show helpful information
******************************


******************************
DYNAMIC SOLVER FAILED:
  use showHints=True to show helpful information
******************************


******************************
DYNAMIC SOLVER FAILED:
  use showHints=True to show helpful information
******************************


******************************
DYNAMIC SOLVER FAILED:
  use showHints=True to show helpful information
******************************


******************************
DYNAMIC SOLVER FAILED:
  use showHints=True to show helpful information
******************************


******************************
DYNAMIC SOLVER FAILED:
  use showHints=True to show helpful information
******************************


******************************
DYNAMIC SOLVER FAILED:
  use showHints=True to show helpful information
******************************


******************************
DYNAMIC SOLVER FAILED:
  use showHints=True to show helpful information
******************************


******************************
DYNAMIC SOLVER FAILED:
  use showHints=True to show helpful information
******************************


******************************
DYNAMIC SOLVER FAILED:
  use showHints=True to show helpful information
******************************

[e5v2] 考卷:测试块 72 个,抽 72 题 → 无解剔除 5,参考过薄(<5)剔除 1 → **66 题**
[e5v2] 提示:测试块只有 72 个,不足 --nexam 76。要更多题就加大 --nglobal 或提高测试束比例,不是这里的 bug
[e5v2] 冻结考卷就绪  (755s)
[e5v2] r0: 训练对=13004 池=60000 | gap 中位  31.3% 均值  33.9% 可行  90% 覆盖  48% 崩盘 2  (893s)
[e5v2] r0→r1: 回灌 7912 条(队列 7912)  (1180s)
[e5v2] r1: 训练对=13273 池=67912 | gap 中位  20.1% 均值  22.8% 可行  95% 覆盖  55% 崩盘 0  (1322s)
[e5v2] r1→r2: 回灌 7912 条(队列 7912)  (1627s)
[e5v2] r2: 训练对=13446 池=75824 | gap 中位   9.7% 均值  14.7% 可行  97% 覆盖  59% 崩盘 0  (1772s)
[e5v2] r2→r3: 回灌 7912 条(队列 7912)  (2082s)
[e5v2] r3: 训练对=13549 池=83736 | gap 中位   7.2% 均值  14.2% 可行  98% 覆盖  58% 崩盘 0  (2227s)
[e5v2] r3→r4: 回灌 7912 条(队列 7912)  (2534s)
[e5v2] r4: 训练对=13618 池=91648 | gap 中位   3.5% 均值   8.7% 可行  98% 覆盖  63% 崩盘 0  (2676s)
[e5v2] r4→r5: 回灌 7912 条(队列 7912)  (2986s)
[e5v2] r5: 训练对=13700 池=99560 | gap 中位   3.9% 均值   8.9% 可行  98% 覆盖  61% 崩盘 0  (3134s)
[e5v2] r5→r6: 回灌 7912 条(队列 7912)  (3444s)
[e5v2] r6: 训练对=13767 池=107472 | gap 中位   1.6% 均值   6.1% 可行  95% 覆盖  64% 崩盘 0  (3590s)
[e5v2] r6→r7: 回灌 7912 条(队列 7912)  (3903s)
[e5v2] r7: 训练对=13804 池=115384 | gap 中位   2.8% 均值   5.4% 可行  96% 覆盖  63% 崩盘 0  (4050s)
[e5v2] r7→r8: 回灌 7912 条(队列 7912)  (4368s)
[e5v2] r8: 训练对=13847 池=123296 | gap 中位   1.5% 均值   5.4% 可行  96% 覆盖  60% 崩盘 0  (4521s)
[e5v2] r8→r9: 回灌 7912 条(队列 7912)  (4840s)
[e5v2] r9: 训练对=13882 池=131208 | gap 中位   1.3% 均值   3.9% 可行  97% 覆盖  59% 崩盘 0  (4986s)
[e5v2] r9→r10: 回灌 7912 条(队列 7912)  (5301s)
[e5v2] r10: 训练对=13908 池=139120 | gap 中位   2.3% 均值   3.9% 可行  95% 覆盖  58% 崩盘 0  (5448s)
[e5v2] r10→r11: 回灌 7912 条(队列 7912)  (5760s)
[e5v2] r11: 训练对=13920 池=147032 | gap 中位   2.0% 均值   4.3% 可行  94% 覆盖  53% 崩盘 0  (5905s)
[e5v2] r11→r12: 回灌 7912 条(队列 7912)  (6215s)
[e5v2] r12: 训练对=13958 池=154944 | gap 中位   0.2% 均值   2.2% 可行  93% 覆盖  55% 崩盘 0  (6362s)
[e5v2] r12→r13: 回灌 7912 条(队列 7912)  (6680s)
[e5v2] r13: 训练对=13979 池=162856 | gap 中位   1.3% 均值   2.4% 可行  95% 覆盖  51% 崩盘 0  (6828s)
[e5v2] r13→r14: 回灌 7912 条(队列 7912)  (7144s)
[e5v2] r14: 训练对=13982 池=170768 | gap 中位   1.7% 均值   2.9% 可行  97% 覆盖  48% 崩盘 0  (7292s)
[e5v2] r14→r15: 回灌 7912 条(队列 7912)  (7608s)
[e5v2] r15: 训练对=14001 池=178680 | gap 中位   1.4% 均值   2.6% 可行  94% 覆盖  49% 崩盘 0  (7753s)
[e5v2] r15→r16: 回灌 7912 条(队列 7912)  (8071s)
[e5v2] r16: 训练对=14030 池=186592 | gap 中位   1.2% 均值   2.9% 可行  95% 覆盖  51% 崩盘 0  (8219s)
[e5v2] r16→r17: 回灌 7912 条(队列 7912)  (8538s)
[e5v2] r17: 训练对=14046 池=194504 | gap 中位   0.8% 均值   1.7% 可行  92% 覆盖  52% 崩盘 0  (8686s)
[e5v2] r17→r18: 回灌 7912 条(队列 7912)  (9005s)
[e5v2] r18: 训练对=14058 池=202416 | gap 中位   0.8% 均值   1.7% 可行  94% 覆盖  49% 崩盘 0  (9151s)
[e5v2] r18→r19: 回灌 7912 条(队列 7912)  (9472s)
[e5v2] r19: 训练对=14065 池=210328 | gap 中位   1.8% 均值   1.3% 可行  94% 覆盖  49% 崩盘 0  (9620s)
[e5v2] r19→r20: 回灌 7912 条(队列 7912)  (9937s)
[e5v2] r20: 训练对=14081 池=218240 | gap 中位   0.5% 均值   0.7% 可行  93% 覆盖  48% 崩盘 0  (10091s)
[e5v2] r20→r21: 回灌 7912 条(队列 7912)  (10410s)
[e5v2] r21: 训练对=14089 池=226152 | gap 中位  -0.3% 均值   0.0% 可行  89% 覆盖  51% 崩盘 0  (10557s)
[e5v2] r21→r22: 回灌 7912 条(队列 7912)  (10874s)
[e5v2] r22: 训练对=14100 池=234064 | gap 中位  -0.7% 均值  -1.3% 可行  89% 覆盖  47% 崩盘 0  (11026s)
[e5v2] r22→r23: 回灌 7912 条(队列 7912)  (11344s)
[e5v2] r23: 训练对=14108 池=241976 | gap 中位  -0.0% 均值  -0.2% 可行  91% 覆盖  45% 崩盘 0  (11496s)
[e5v2] r23→r24: 回灌 7912 条(队列 7912)  (11813s)
[e5v2] r24: 训练对=14114 池=249888 | gap 中位  -0.4% 均值   1.2% 可行  91% 覆盖  48% 崩盘 1  (11962s)
[e5v2] r24→r25: 回灌 7912 条(队列 7912)  (12271s)
[e5v2] r25: 训练对=14124 池=257800 | gap 中位  -0.4% 均值  -0.3% 可行  89% 覆盖  46% 崩盘 0  (12416s)
[e5v2] r25→r26: 回灌 7912 条(队列 7912)  (12720s)
[e5v2] r26: 训练对=14133 池=265712 | gap 中位  -0.3% 均值  -0.5% 可行  92% 覆盖  42% 崩盘 0  (12867s)
[e5v2] r26→r27: 回灌 7912 条(队列 7912)  (13167s)
[e5v2] r27: 训练对=14141 池=273624 | gap 中位  -1.7% 均值  -2.1% 可行  89% 覆盖  50% 崩盘 0  (13311s)
[e5v2] r27→r28: 回灌 7912 条(队列 7912)  (13621s)
[e5v2] r28: 训练对=14143 池=281536 | gap 中位  -0.4% 均值  -0.3% 可行  91% 覆盖  43% 崩盘 0  (13764s)
[e5v2] r28→r29: 回灌 7912 条(队列 7912)  (14065s)
[e5v2] r29: 训练对=14144 池=289448 | gap 中位  -0.5% 均值  -0.3% 可行  94% 覆盖  42% 崩盘 0  (14214s)
[e5v2] r29→r30: 回灌 7912 条(队列 7912)  (14514s)
[e5v2] r30: 训练对=14156 池=297360 | gap 中位  -0.2% 均值  -0.2% 可行  94% 覆盖  43% 崩盘 0  (14659s)
[e5v2] r30→r31: 回灌 7912 条(队列 7912)  (14978s)
[e5v2] r31: 训练对=14167 池=305272 | gap 中位  -1.1% 均值  -0.2% 可行  85% 覆盖  46% 崩盘 1  (15124s)
[e5v2] r31→r32: 回灌 7912 条(队列 7912)  (15442s)
[e5v2] r32: 训练对=14175 池=313184 | gap 中位  -0.4% 均值  -1.8% 可行  92% 覆盖  44% 崩盘 0  (15589s)
[e5v2] r32→r33: 回灌 7912 条(队列 7912)  (15911s)
[e5v2] r33: 训练对=14186 池=321096 | gap 中位  -0.9% 均值   0.3% 可行  85% 覆盖  40% 崩盘 1  (16063s)
[e5v2] r33→r34: 回灌 7912 条(队列 7912)  (16383s)
[e5v2] r34: 训练对=14195 池=329008 | gap 中位  -0.7% 均值  -1.4% 可行  91% 覆盖  42% 崩盘 0  (16532s)
[e5v2] r34→r35: 回灌 7912 条(队列 7912)  (16876s)
[e5v2] r35: 训练对=14201 池=336920 | gap 中位  -0.5% 均值  -1.4% 可行  90% 覆盖  42% 崩盘 0  (17027s)
[e5v2] r35→r36: 回灌 7912 条(队列 7912)  (17359s)
[e5v2] r36: 训练对=14208 池=344832 | gap 中位  -0.7% 均值  -1.4% 可行  92% 覆盖  41% 崩盘 0  (17529s)
[e5v2] r36→r37: 回灌 7912 条(队列 7912)  (17855s)
[e5v2] r37: 训练对=14209 池=352744 | gap 中位  -1.5% 均值  -2.4% 可行  84% 覆盖  42% 崩盘 0  (18008s)
[e5v2] r37→r38: 回灌 7912 条(队列 7912)  (18329s)
[e5v2] r38: 训练对=14212 池=360656 | gap 中位  -1.0% 均值  -1.5% 可行  87% 覆盖  43% 崩盘 0  (18480s)
[e5v2] r38→r39: 回灌 7912 条(队列 7912)  (18807s)
[e5v2] r39: 训练对=14216 池=368568 | gap 中位  -1.2% 均值  -1.5% 可行  90% 覆盖  42% 崩盘 0  (18957s)
[e5v2] r39→r40: 回灌 7912 条(队列 7912)  (19281s)
[e5v2] r40: 训练对=14225 池=376480 | gap 中位  -0.3% 均值  -1.7% 可行  89% 覆盖  42% 崩盘 0  (19436s)

== E5-v2 轨迹 ==
  r0: gap  31.3%  可行  90%  崩盘 2  池 60000
  r1: gap  20.1%  可行  95%  崩盘 0  池 67912
  r2: gap   9.7%  可行  97%  崩盘 0  池 75824
  r3: gap   7.2%  可行  98%  崩盘 0  池 83736
  r4: gap   3.5%  可行  98%  崩盘 0  池 91648
  r5: gap   3.9%  可行  98%  崩盘 0  池 99560
  r6: gap   1.6%  可行  95%  崩盘 0  池 107472
  r7: gap   2.8%  可行  96%  崩盘 0  池 115384
  r8: gap   1.5%  可行  96%  崩盘 0  池 123296
  r9: gap   1.3%  可行  97%  崩盘 0  池 131208
  r10: gap   2.3%  可行  95%  崩盘 0  池 139120
  r11: gap   2.0%  可行  94%  崩盘 0  池 147032
  r12: gap   0.2%  可行  93%  崩盘 0  池 154944
  r13: gap   1.3%  可行  95%  崩盘 0  池 162856
  r14: gap   1.7%  可行  97%  崩盘 0  池 170768
  r15: gap   1.4%  可行  94%  崩盘 0  池 178680
  r16: gap   1.2%  可行  95%  崩盘 0  池 186592
  r17: gap   0.8%  可行  92%  崩盘 0  池 194504
  r18: gap   0.8%  可行  94%  崩盘 0  池 202416
  r19: gap   1.8%  可行  94%  崩盘 0  池 210328
  r20: gap   0.5%  可行  93%  崩盘 0  池 218240
  r21: gap  -0.3%  可行  89%  崩盘 0  池 226152
  r22: gap  -0.7%  可行  89%  崩盘 0  池 234064
  r23: gap  -0.0%  可行  91%  崩盘 0  池 241976
  r24: gap  -0.4%  可行  91%  崩盘 1  池 249888
  r25: gap  -0.4%  可行  89%  崩盘 0  池 257800
  r26: gap  -0.3%  可行  92%  崩盘 0  池 265712
  r27: gap  -1.7%  可行  89%  崩盘 0  池 273624
  r28: gap  -0.4%  可行  91%  崩盘 0  池 281536
  r29: gap  -0.5%  可行  94%  崩盘 0  池 289448
  r30: gap  -0.2%  可行  94%  崩盘 0  池 297360
  r31: gap  -1.1%  可行  85%  崩盘 1  池 305272
  r32: gap  -0.4%  可行  92%  崩盘 0  池 313184
  r33: gap  -0.9%  可行  85%  崩盘 1  池 321096
  r34: gap  -0.7%  可行  91%  崩盘 0  池 329008
  r35: gap  -0.5%  可行  90%  崩盘 0  池 336920
  r36: gap  -0.7%  可行  92%  崩盘 0  池 344832
  r37: gap  -1.5%  可行  84%  崩盘 0  池 352744
  r38: gap  -1.0%  可行  87%  崩盘 0  池 360656
  r39: gap  -1.2%  可行  90%  崩盘 0  池 368568
  r40: gap  -0.3%  可行  89%  崩盘 0  池 376480
[e5v2] done → outputs/v25_skid_e5  (19436s)
退出码 0
[累计 409 分钟]

=========== 5/6 · 自提升闭环 ×40 (seed 1 → outputs/v25_skid_e5_s1) ===========
[e5] 设计维 DU = 10  v21 = True  v25 = True  足端定尺 = bearing
[e5] 条件 6 维(含 Froude,上界 0.0)  ·  机体面内自由平动 planar=False
[e5v2] 臂=bio  块 500  束 训练280/验证60/测试60  从第 0 轮续跑

******************************
DYNAMIC SOLVER FAILED:
  use showHints=True to show helpful information
******************************


******************************
DYNAMIC SOLVER FAILED:
  use showHints=True to show helpful information
******************************


******************************
DYNAMIC SOLVER FAILED:
  use showHints=True to show helpful information
******************************


******************************
DYNAMIC SOLVER FAILED:
  use showHints=True to show helpful information
******************************


******************************
DYNAMIC SOLVER FAILED:
  use showHints=True to show helpful information
******************************


******************************
DYNAMIC SOLVER FAILED:
  use showHints=True to show helpful information
******************************


******************************
DYNAMIC SOLVER FAILED:
  use showHints=True to show helpful information
******************************


******************************
DYNAMIC SOLVER FAILED:
  use showHints=True to show helpful information
******************************


******************************
DYNAMIC SOLVER FAILED:
  use showHints=True to show helpful information
******************************


******************************
DYNAMIC SOLVER FAILED:
  use showHints=True to show helpful information
******************************


******************************
DYNAMIC SOLVER FAILED:
  use showHints=True to show helpful information
******************************


******************************
DYNAMIC SOLVER FAILED:
  use showHints=True to show helpful information
******************************


******************************
DYNAMIC SOLVER FAILED:
  use showHints=True to show helpful information
******************************


******************************
DYNAMIC SOLVER FAILED:
  use showHints=True to show helpful information
******************************


******************************
DYNAMIC SOLVER FAILED:
  use showHints=True to show helpful information
******************************


******************************
DYNAMIC SOLVER FAILED:
  use showHints=True to show helpful information
******************************


******************************
DYNAMIC SOLVER FAILED:
  use showHints=True to show helpful information
******************************


******************************
DYNAMIC SOLVER FAILED:
  use showHints=True to show helpful information
******************************


******************************
DYNAMIC SOLVER FAILED:
  use showHints=True to show helpful information
******************************


******************************
DYNAMIC SOLVER FAILED:
  use showHints=True to show helpful information
******************************


******************************
DYNAMIC SOLVER FAILED:
  use showHints=True to show helpful information
******************************


******************************
DYNAMIC SOLVER FAILED:
  use showHints=True to show helpful information
******************************


******************************
DYNAMIC SOLVER FAILED:
  use showHints=True to show helpful information
******************************


******************************
DYNAMIC SOLVER FAILED:
  use showHints=True to show helpful information
******************************


******************************
DYNAMIC SOLVER FAILED:
  use showHints=True to show helpful information
******************************


******************************
DYNAMIC SOLVER FAILED:
  use showHints=True to show helpful information
******************************


******************************
DYNAMIC SOLVER FAILED:
  use showHints=True to show helpful information
******************************


******************************
DYNAMIC SOLVER FAILED:
  use showHints=True to show helpful information
******************************


******************************
DYNAMIC SOLVER FAILED:
  use showHints=True to show helpful information
******************************


******************************
DYNAMIC SOLVER FAILED:
  use showHints=True to show helpful information
******************************


******************************
DYNAMIC SOLVER FAILED:
  use showHints=True to show helpful information
******************************


******************************
DYNAMIC SOLVER FAILED:
  use showHints=True to show helpful information
******************************


******************************
DYNAMIC SOLVER FAILED:
  use showHints=True to show helpful information
******************************


******************************
DYNAMIC SOLVER FAILED:
  use showHints=True to show helpful information
******************************


******************************
DYNAMIC SOLVER FAILED:
  use showHints=True to show helpful information
******************************


******************************
DYNAMIC SOLVER FAILED:
  use showHints=True to show helpful information
******************************


******************************
DYNAMIC SOLVER FAILED:
  use showHints=True to show helpful information
******************************


******************************
DYNAMIC SOLVER FAILED:
  use showHints=True to show helpful information
******************************


******************************
DYNAMIC SOLVER FAILED:
  use showHints=True to show helpful information
******************************


******************************
DYNAMIC SOLVER FAILED:
  use showHints=True to show helpful information
******************************


******************************
DYNAMIC SOLVER FAILED:
  use showHints=True to show helpful information
******************************


******************************
DYNAMIC SOLVER FAILED:
  use showHints=True to show helpful information
******************************


******************************
DYNAMIC SOLVER FAILED:
  use showHints=True to show helpful information
******************************


******************************
DYNAMIC SOLVER FAILED:
  use showHints=True to show helpful information
******************************


******************************
DYNAMIC SOLVER FAILED:
  use showHints=True to show helpful information
******************************


******************************
DYNAMIC SOLVER FAILED:
  use showHints=True to show helpful information
******************************


******************************
DYNAMIC SOLVER FAILED:
  use showHints=True to show helpful information
******************************


******************************
DYNAMIC SOLVER FAILED:
  use showHints=True to show helpful information
******************************


******************************
DYNAMIC SOLVER FAILED:
  use showHints=True to show helpful information
******************************


******************************
DYNAMIC SOLVER FAILED:
  use showHints=True to show helpful information
******************************


******************************
DYNAMIC SOLVER FAILED:
  use showHints=True to show helpful information
******************************


******************************
DYNAMIC SOLVER FAILED:
  use showHints=True to show helpful information
******************************


******************************
DYNAMIC SOLVER FAILED:
  use showHints=True to show helpful information
******************************


******************************
DYNAMIC SOLVER FAILED:
  use showHints=True to show helpful information
******************************


******************************
DYNAMIC SOLVER FAILED:
  use showHints=True to show helpful information
******************************


******************************
DYNAMIC SOLVER FAILED:
  use showHints=True to show helpful information
******************************


******************************
DYNAMIC SOLVER FAILED:
  use showHints=True to show helpful information
******************************


******************************
DYNAMIC SOLVER FAILED:
  use showHints=True to show helpful information
******************************


******************************
DYNAMIC SOLVER FAILED:
  use showHints=True to show helpful information
******************************


******************************
DYNAMIC SOLVER FAILED:
  use showHints=True to show helpful information
******************************


******************************
DYNAMIC SOLVER FAILED:
  use showHints=True to show helpful information
******************************


******************************
DYNAMIC SOLVER FAILED:
  use showHints=True to show helpful information
******************************


******************************
DYNAMIC SOLVER FAILED:
  use showHints=True to show helpful information
******************************


******************************
DYNAMIC SOLVER FAILED:
  use showHints=True to show helpful information
******************************


******************************
DYNAMIC SOLVER FAILED:
  use showHints=True to show helpful information
******************************


******************************
DYNAMIC SOLVER FAILED:
  use showHints=True to show helpful information
******************************


******************************
DYNAMIC SOLVER FAILED:
  use showHints=True to show helpful information
******************************


******************************
DYNAMIC SOLVER FAILED:
  use showHints=True to show helpful information
******************************


******************************
DYNAMIC SOLVER FAILED:
  use showHints=True to show helpful information
******************************


******************************
DYNAMIC SOLVER FAILED:
  use showHints=True to show helpful information
******************************


******************************
DYNAMIC SOLVER FAILED:
  use showHints=True to show helpful information
******************************


******************************
DYNAMIC SOLVER FAILED:
  use showHints=True to show helpful information
******************************


******************************
DYNAMIC SOLVER FAILED:
  use showHints=True to show helpful information
******************************


******************************
DYNAMIC SOLVER FAILED:
  use showHints=True to show helpful information
******************************


******************************
DYNAMIC SOLVER FAILED:
  use showHints=True to show helpful information
******************************


******************************
DYNAMIC SOLVER FAILED:
  use showHints=True to show helpful information
******************************


******************************
DYNAMIC SOLVER FAILED:
  use showHints=True to show helpful information
******************************


******************************
DYNAMIC SOLVER FAILED:
  use showHints=True to show helpful information
******************************


******************************
DYNAMIC SOLVER FAILED:
  use showHints=True to show helpful information
******************************


******************************
DYNAMIC SOLVER FAILED:
  use showHints=True to show helpful information
******************************


******************************
DYNAMIC SOLVER FAILED:
  use showHints=True to show helpful information
******************************


******************************
DYNAMIC SOLVER FAILED:
  use showHints=True to show helpful information
******************************


******************************
DYNAMIC SOLVER FAILED:
  use showHints=True to show helpful information
******************************


******************************
DYNAMIC SOLVER FAILED:
  use showHints=True to show helpful information
******************************


******************************
DYNAMIC SOLVER FAILED:
  use showHints=True to show helpful information
******************************


******************************
DYNAMIC SOLVER FAILED:
  use showHints=True to show helpful information
******************************


******************************
DYNAMIC SOLVER FAILED:
  use showHints=True to show helpful information
******************************


******************************
DYNAMIC SOLVER FAILED:
  use showHints=True to show helpful information
******************************


******************************
DYNAMIC SOLVER FAILED:
  use showHints=True to show helpful information
******************************


******************************
DYNAMIC SOLVER FAILED:
  use showHints=True to show helpful information
******************************


******************************
DYNAMIC SOLVER FAILED:
  use showHints=True to show helpful information
******************************


******************************
DYNAMIC SOLVER FAILED:
  use showHints=True to show helpful information
******************************


******************************
DYNAMIC SOLVER FAILED:
  use showHints=True to show helpful information
******************************


******************************
DYNAMIC SOLVER FAILED:
  use showHints=True to show helpful information
******************************


******************************
DYNAMIC SOLVER FAILED:
  use showHints=True to show helpful information
******************************


******************************
DYNAMIC SOLVER FAILED:
  use showHints=True to show helpful information
******************************


******************************
DYNAMIC SOLVER FAILED:
  use showHints=True to show helpful information
******************************


******************************
DYNAMIC SOLVER FAILED:
  use showHints=True to show helpful information
******************************


******************************
DYNAMIC SOLVER FAILED:
  use showHints=True to show helpful information
******************************


******************************
DYNAMIC SOLVER FAILED:
  use showHints=True to show helpful information
******************************


******************************
DYNAMIC SOLVER FAILED:
  use showHints=True to show helpful information
******************************


******************************
DYNAMIC SOLVER FAILED:
  use showHints=True to show helpful information
******************************


******************************
DYNAMIC SOLVER FAILED:
  use showHints=True to show helpful information
******************************


******************************
DYNAMIC SOLVER FAILED:
  use showHints=True to show helpful information
******************************


******************************
DYNAMIC SOLVER FAILED:
  use showHints=True to show helpful information
******************************


******************************
DYNAMIC SOLVER FAILED:
  use showHints=True to show helpful information
******************************


******************************
DYNAMIC SOLVER FAILED:
  use showHints=True to show helpful information
******************************


******************************
DYNAMIC SOLVER FAILED:
  use showHints=True to show helpful information
******************************


******************************
DYNAMIC SOLVER FAILED:
  use showHints=True to show helpful information
******************************


******************************
DYNAMIC SOLVER FAILED:
  use showHints=True to show helpful information
******************************


******************************
DYNAMIC SOLVER FAILED:
  use showHints=True to show helpful information
******************************


******************************
DYNAMIC SOLVER FAILED:
  use showHints=True to show helpful information
******************************


******************************
DYNAMIC SOLVER FAILED:
  use showHints=True to show helpful information
******************************


******************************
DYNAMIC SOLVER FAILED:
  use showHints=True to show helpful information
******************************


******************************
DYNAMIC SOLVER FAILED:
  use showHints=True to show helpful information
******************************


******************************
DYNAMIC SOLVER FAILED:
  use showHints=True to show helpful information
******************************


******************************
DYNAMIC SOLVER FAILED:
  use showHints=True to show helpful information
******************************


******************************
DYNAMIC SOLVER FAILED:
  use showHints=True to show helpful information
******************************


******************************
DYNAMIC SOLVER FAILED:
  use showHints=True to show helpful information
******************************


******************************
DYNAMIC SOLVER FAILED:
  use showHints=True to show helpful information
******************************


******************************
DYNAMIC SOLVER FAILED:
  use showHints=True to show helpful information
******************************


******************************
DYNAMIC SOLVER FAILED:
  use showHints=True to show helpful information
******************************


******************************
DYNAMIC SOLVER FAILED:
  use showHints=True to show helpful information
******************************


******************************
DYNAMIC SOLVER FAILED:
  use showHints=True to show helpful information
******************************


******************************
DYNAMIC SOLVER FAILED:
  use showHints=True to show helpful information
******************************


******************************
DYNAMIC SOLVER FAILED:
  use showHints=True to show helpful information
******************************


******************************
DYNAMIC SOLVER FAILED:
  use showHints=True to show helpful information
******************************


******************************
DYNAMIC SOLVER FAILED:
  use showHints=True to show helpful information
******************************


******************************
DYNAMIC SOLVER FAILED:
  use showHints=True to show helpful information
******************************


******************************
DYNAMIC SOLVER FAILED:
  use showHints=True to show helpful information
******************************


******************************
DYNAMIC SOLVER FAILED:
  use showHints=True to show helpful information
******************************


******************************
DYNAMIC SOLVER FAILED:
  use showHints=True to show helpful information
******************************


******************************
DYNAMIC SOLVER FAILED:
  use showHints=True to show helpful information
******************************


******************************
DYNAMIC SOLVER FAILED:
  use showHints=True to show helpful information
******************************


******************************
DYNAMIC SOLVER FAILED:
  use showHints=True to show helpful information
******************************


******************************
DYNAMIC SOLVER FAILED:
  use showHints=True to show helpful information
******************************


******************************
DYNAMIC SOLVER FAILED:
  use showHints=True to show helpful information
******************************


******************************
DYNAMIC SOLVER FAILED:
  use showHints=True to show helpful information
******************************


******************************
DYNAMIC SOLVER FAILED:
  use showHints=True to show helpful information
******************************


******************************
DYNAMIC SOLVER FAILED:
  use showHints=True to show helpful information
******************************


******************************
DYNAMIC SOLVER FAILED:
  use showHints=True to show helpful information
******************************


******************************
DYNAMIC SOLVER FAILED:
  use showHints=True to show helpful information
******************************


******************************
DYNAMIC SOLVER FAILED:
  use showHints=True to show helpful information
******************************


******************************
DYNAMIC SOLVER FAILED:
  use showHints=True to show helpful information
******************************


******************************
DYNAMIC SOLVER FAILED:
  use showHints=True to show helpful information
******************************


******************************
DYNAMIC SOLVER FAILED:
  use showHints=True to show helpful information
******************************


******************************
DYNAMIC SOLVER FAILED:
  use showHints=True to show helpful information
******************************


******************************
DYNAMIC SOLVER FAILED:
  use showHints=True to show helpful information
******************************


******************************
DYNAMIC SOLVER FAILED:
  use showHints=True to show helpful information
******************************


******************************
DYNAMIC SOLVER FAILED:
  use showHints=True to show helpful information
******************************


******************************
DYNAMIC SOLVER FAILED:
  use showHints=True to show helpful information
******************************


******************************
DYNAMIC SOLVER FAILED:
  use showHints=True to show helpful information
******************************


******************************
DYNAMIC SOLVER FAILED:
  use showHints=True to show helpful information
******************************


******************************
DYNAMIC SOLVER FAILED:
  use showHints=True to show helpful information
******************************


******************************
DYNAMIC SOLVER FAILED:
  use showHints=True to show helpful information
******************************


******************************
DYNAMIC SOLVER FAILED:
  use showHints=True to show helpful information
******************************


******************************
DYNAMIC SOLVER FAILED:
  use showHints=True to show helpful information
******************************


******************************
DYNAMIC SOLVER FAILED:
  use showHints=True to show helpful information
******************************


******************************
DYNAMIC SOLVER FAILED:
  use showHints=True to show helpful information
******************************


******************************
DYNAMIC SOLVER FAILED:
  use showHints=True to show helpful information
******************************


******************************
DYNAMIC SOLVER FAILED:
  use showHints=True to show helpful information
******************************


******************************
DYNAMIC SOLVER FAILED:
  use showHints=True to show helpful information
******************************


******************************
DYNAMIC SOLVER FAILED:
  use showHints=True to show helpful information
******************************


******************************
DYNAMIC SOLVER FAILED:
  use showHints=True to show helpful information
******************************


******************************
DYNAMIC SOLVER FAILED:
  use showHints=True to show helpful information
******************************


******************************
DYNAMIC SOLVER FAILED:
  use showHints=True to show helpful information
******************************


******************************
DYNAMIC SOLVER FAILED:
  use showHints=True to show helpful information
******************************


******************************
DYNAMIC SOLVER FAILED:
  use showHints=True to show helpful information
******************************


******************************
DYNAMIC SOLVER FAILED:
  use showHints=True to show helpful information
******************************


******************************
DYNAMIC SOLVER FAILED:
  use showHints=True to show helpful information
******************************


******************************
DYNAMIC SOLVER FAILED:
  use showHints=True to show helpful information
******************************


******************************
DYNAMIC SOLVER FAILED:
  use showHints=True to show helpful information
******************************


******************************
DYNAMIC SOLVER FAILED:
  use showHints=True to show helpful information
******************************


******************************
DYNAMIC SOLVER FAILED:
  use showHints=True to show helpful information
******************************


******************************
DYNAMIC SOLVER FAILED:
  use showHints=True to show helpful information
******************************


******************************
DYNAMIC SOLVER FAILED:
  use showHints=True to show helpful information
******************************


******************************
DYNAMIC SOLVER FAILED:
  use showHints=True to show helpful information
******************************


******************************
DYNAMIC SOLVER FAILED:
  use showHints=True to show helpful information
******************************


******************************
DYNAMIC SOLVER FAILED:
  use showHints=True to show helpful information
******************************


******************************
DYNAMIC SOLVER FAILED:
  use showHints=True to show helpful information
******************************


******************************
DYNAMIC SOLVER FAILED:
  use showHints=True to show helpful information
******************************


******************************
DYNAMIC SOLVER FAILED:
  use showHints=True to show helpful information
******************************


******************************
DYNAMIC SOLVER FAILED:
  use showHints=True to show helpful information
******************************


******************************
DYNAMIC SOLVER FAILED:
  use showHints=True to show helpful information
******************************


******************************
DYNAMIC SOLVER FAILED:
  use showHints=True to show helpful information
******************************


******************************
DYNAMIC SOLVER FAILED:
  use showHints=True to show helpful information
******************************


******************************
DYNAMIC SOLVER FAILED:
  use showHints=True to show helpful information
******************************


******************************
DYNAMIC SOLVER FAILED:
  use showHints=True to show helpful information
******************************


******************************
DYNAMIC SOLVER FAILED:
  use showHints=True to show helpful information
******************************


******************************
DYNAMIC SOLVER FAILED:
  use showHints=True to show helpful information
******************************


******************************
DYNAMIC SOLVER FAILED:
  use showHints=True to show helpful information
******************************


******************************
DYNAMIC SOLVER FAILED:
  use showHints=True to show helpful information
******************************


******************************
DYNAMIC SOLVER FAILED:
  use showHints=True to show helpful information
******************************


******************************
DYNAMIC SOLVER FAILED:
  use showHints=True to show helpful information
******************************


******************************
DYNAMIC SOLVER FAILED:
  use showHints=True to show helpful information
******************************


******************************
DYNAMIC SOLVER FAILED:
  use showHints=True to show helpful information
******************************


******************************
DYNAMIC SOLVER FAILED:
  use showHints=True to show helpful information
******************************


******************************
DYNAMIC SOLVER FAILED:
  use showHints=True to show helpful information
******************************


******************************
DYNAMIC SOLVER FAILED:
  use showHints=True to show helpful information
******************************


******************************
DYNAMIC SOLVER FAILED:
  use showHints=True to show helpful information
******************************


******************************
DYNAMIC SOLVER FAILED:
  use showHints=True to show helpful information
******************************


******************************
DYNAMIC SOLVER FAILED:
  use showHints=True to show helpful information
******************************


******************************
DYNAMIC SOLVER FAILED:
  use showHints=True to show helpful information
******************************


******************************
DYNAMIC SOLVER FAILED:
  use showHints=True to show helpful information
******************************


******************************
DYNAMIC SOLVER FAILED:
  use showHints=True to show helpful information
******************************


******************************
DYNAMIC SOLVER FAILED:
  use showHints=True to show helpful information
******************************


******************************
DYNAMIC SOLVER FAILED:
  use showHints=True to show helpful information
******************************


******************************
DYNAMIC SOLVER FAILED:
  use showHints=True to show helpful information
******************************


******************************
DYNAMIC SOLVER FAILED:
  use showHints=True to show helpful information
******************************


******************************
DYNAMIC SOLVER FAILED:
  use showHints=True to show helpful information
******************************


******************************
DYNAMIC SOLVER FAILED:
  use showHints=True to show helpful information
******************************


******************************
DYNAMIC SOLVER FAILED:
  use showHints=True to show helpful information
******************************


******************************
DYNAMIC SOLVER FAILED:
  use showHints=True to show helpful information
******************************


******************************
DYNAMIC SOLVER FAILED:
  use showHints=True to show helpful information
******************************


******************************
DYNAMIC SOLVER FAILED:
  use showHints=True to show helpful information
******************************


******************************
DYNAMIC SOLVER FAILED:
  use showHints=True to show helpful information
******************************


******************************
DYNAMIC SOLVER FAILED:
  use showHints=True to show helpful information
******************************


******************************
DYNAMIC SOLVER FAILED:
  use showHints=True to show helpful information
******************************


******************************
DYNAMIC SOLVER FAILED:
  use showHints=True to show helpful information
******************************


******************************
DYNAMIC SOLVER FAILED:
  use showHints=True to show helpful information
******************************


******************************
DYNAMIC SOLVER FAILED:
  use showHints=True to show helpful information
******************************


******************************
DYNAMIC SOLVER FAILED:
  use showHints=True to show helpful information
******************************


******************************
DYNAMIC SOLVER FAILED:
  use showHints=True to show helpful information
******************************


******************************
DYNAMIC SOLVER FAILED:
  use showHints=True to show helpful information
******************************


******************************
DYNAMIC SOLVER FAILED:
  use showHints=True to show helpful information
******************************


******************************
DYNAMIC SOLVER FAILED:
  use showHints=True to show helpful information
******************************


******************************
DYNAMIC SOLVER FAILED:
  use showHints=True to show helpful information
******************************


******************************
DYNAMIC SOLVER FAILED:
  use showHints=True to show helpful information
******************************


******************************
DYNAMIC SOLVER FAILED:
  use showHints=True to show helpful information
******************************


******************************
DYNAMIC SOLVER FAILED:
  use showHints=True to show helpful information
******************************


******************************
DYNAMIC SOLVER FAILED:
  use showHints=True to show helpful information
******************************


******************************
DYNAMIC SOLVER FAILED:
  use showHints=True to show helpful information
******************************


******************************
DYNAMIC SOLVER FAILED:
  use showHints=True to show helpful information
******************************


******************************
DYNAMIC SOLVER FAILED:
  use showHints=True to show helpful information
******************************


******************************
DYNAMIC SOLVER FAILED:
  use showHints=True to show helpful information
******************************


******************************
DYNAMIC SOLVER FAILED:
  use showHints=True to show helpful information
******************************


******************************
DYNAMIC SOLVER FAILED:
  use showHints=True to show helpful information
******************************


******************************
DYNAMIC SOLVER FAILED:
  use showHints=True to show helpful information
******************************


******************************
DYNAMIC SOLVER FAILED:
  use showHints=True to show helpful information
******************************


******************************
DYNAMIC SOLVER FAILED:
  use showHints=True to show helpful information
******************************


******************************
DYNAMIC SOLVER FAILED:
  use showHints=True to show helpful information
******************************


******************************
DYNAMIC SOLVER FAILED:
  use showHints=True to show helpful information
******************************


******************************
DYNAMIC SOLVER FAILED:
  use showHints=True to show helpful information
******************************


******************************
DYNAMIC SOLVER FAILED:
  use showHints=True to show helpful information
******************************


******************************
DYNAMIC SOLVER FAILED:
  use showHints=True to show helpful information
******************************


******************************
DYNAMIC SOLVER FAILED:
  use showHints=True to show helpful information
******************************


******************************
DYNAMIC SOLVER FAILED:
  use showHints=True to show helpful information
******************************


******************************
DYNAMIC SOLVER FAILED:
  use showHints=True to show helpful information
******************************


******************************
DYNAMIC SOLVER FAILED:
  use showHints=True to show helpful information
******************************


******************************
DYNAMIC SOLVER FAILED:
  use showHints=True to show helpful information
******************************


******************************
DYNAMIC SOLVER FAILED:
  use showHints=True to show helpful information
******************************


******************************
DYNAMIC SOLVER FAILED:
  use showHints=True to show helpful information
******************************


******************************
DYNAMIC SOLVER FAILED:
  use showHints=True to show helpful information
******************************


******************************
DYNAMIC SOLVER FAILED:
  use showHints=True to show helpful information
******************************


******************************
DYNAMIC SOLVER FAILED:
  use showHints=True to show helpful information
******************************


******************************
DYNAMIC SOLVER FAILED:
  use showHints=True to show helpful information
******************************


******************************
DYNAMIC SOLVER FAILED:
  use showHints=True to show helpful information
******************************


******************************
DYNAMIC SOLVER FAILED:
  use showHints=True to show helpful information
******************************


******************************
DYNAMIC SOLVER FAILED:
  use showHints=True to show helpful information
******************************


******************************
DYNAMIC SOLVER FAILED:
  use showHints=True to show helpful information
******************************


******************************
DYNAMIC SOLVER FAILED:
  use showHints=True to show helpful information
******************************


******************************
DYNAMIC SOLVER FAILED:
  use showHints=True to show helpful information
******************************


******************************
DYNAMIC SOLVER FAILED:
  use showHints=True to show helpful information
******************************


******************************
DYNAMIC SOLVER FAILED:
  use showHints=True to show helpful information
******************************


******************************
DYNAMIC SOLVER FAILED:
  use showHints=True to show helpful information
******************************


******************************
DYNAMIC SOLVER FAILED:
  use showHints=True to show helpful information
******************************


******************************
DYNAMIC SOLVER FAILED:
  use showHints=True to show helpful information
******************************


******************************
DYNAMIC SOLVER FAILED:
  use showHints=True to show helpful information
******************************


******************************
DYNAMIC SOLVER FAILED:
  use showHints=True to show helpful information
******************************


******************************
DYNAMIC SOLVER FAILED:
  use showHints=True to show helpful information
******************************


******************************
DYNAMIC SOLVER FAILED:
  use showHints=True to show helpful information
******************************


******************************
DYNAMIC SOLVER FAILED:
  use showHints=True to show helpful information
******************************


******************************
DYNAMIC SOLVER FAILED:
  use showHints=True to show helpful information
******************************


******************************
DYNAMIC SOLVER FAILED:
  use showHints=True to show helpful information
******************************


******************************
DYNAMIC SOLVER FAILED:
  use showHints=True to show helpful information
******************************


******************************
DYNAMIC SOLVER FAILED:
  use showHints=True to show helpful information
******************************


******************************
DYNAMIC SOLVER FAILED:
  use showHints=True to show helpful information
******************************


******************************
DYNAMIC SOLVER FAILED:
  use showHints=True to show helpful information
******************************


******************************
DYNAMIC SOLVER FAILED:
  use showHints=True to show helpful information
******************************


******************************
DYNAMIC SOLVER FAILED:
  use showHints=True to show helpful information
******************************


******************************
DYNAMIC SOLVER FAILED:
  use showHints=True to show helpful information
******************************


******************************
DYNAMIC SOLVER FAILED:
  use showHints=True to show helpful information
******************************


******************************
DYNAMIC SOLVER FAILED:
  use showHints=True to show helpful information
******************************


******************************
DYNAMIC SOLVER FAILED:
  use showHints=True to show helpful information
******************************


******************************
DYNAMIC SOLVER FAILED:
  use showHints=True to show helpful information
******************************


******************************
DYNAMIC SOLVER FAILED:
  use showHints=True to show helpful information
******************************


******************************
DYNAMIC SOLVER FAILED:
  use showHints=True to show helpful information
******************************


******************************
DYNAMIC SOLVER FAILED:
  use showHints=True to show helpful information
******************************


******************************
DYNAMIC SOLVER FAILED:
  use showHints=True to show helpful information
******************************


******************************
DYNAMIC SOLVER FAILED:
  use showHints=True to show helpful information
******************************


******************************
DYNAMIC SOLVER FAILED:
  use showHints=True to show helpful information
******************************


******************************
DYNAMIC SOLVER FAILED:
  use showHints=True to show helpful information
******************************


******************************
DYNAMIC SOLVER FAILED:
  use showHints=True to show helpful information
******************************


******************************
DYNAMIC SOLVER FAILED:
  use showHints=True to show helpful information
******************************


******************************
DYNAMIC SOLVER FAILED:
  use showHints=True to show helpful information
******************************


******************************
DYNAMIC SOLVER FAILED:
  use showHints=True to show helpful information
******************************


******************************
DYNAMIC SOLVER FAILED:
  use showHints=True to show helpful information
******************************


******************************
DYNAMIC SOLVER FAILED:
  use showHints=True to show helpful information
******************************


******************************
DYNAMIC SOLVER FAILED:
  use showHints=True to show helpful information
******************************


******************************
DYNAMIC SOLVER FAILED:
  use showHints=True to show helpful information
******************************


******************************
DYNAMIC SOLVER FAILED:
  use showHints=True to show helpful information
******************************


******************************
DYNAMIC SOLVER FAILED:
  use showHints=True to show helpful information
******************************


******************************
DYNAMIC SOLVER FAILED:
  use showHints=True to show helpful information
******************************


******************************
DYNAMIC SOLVER FAILED:
  use showHints=True to show helpful information
******************************

[e5v2] 考卷:测试块 72 个,抽 72 题 → 无解剔除 5,参考过薄(<5)剔除 1 → **66 题**
[e5v2] 提示:测试块只有 72 个,不足 --nexam 76。要更多题就加大 --nglobal 或提高测试束比例,不是这里的 bug
[e5v2] 冻结考卷就绪  (806s)
[e5v2] r0: 训练对=13004 池=60000 | gap 中位  26.7% 均值  33.4% 可行  90% 覆盖  51% 崩盘 3  (946s)
[e5v2] r0→r1: 回灌 7912 条(队列 7912)  (1253s)
[e5v2] r1: 训练对=13293 池=67912 | gap 中位  16.6% 均值  22.9% 可行  96% 覆盖  53% 崩盘 0  (1400s)
[e5v2] r1→r2: 回灌 7912 条(队列 7912)  (1706s)
[e5v2] r2: 训练对=13461 池=75824 | gap 中位  14.9% 均值  18.2% 可行  97% 覆盖  56% 崩盘 0  (1848s)
[e5v2] r2→r3: 回灌 7912 条(队列 7912)  (2153s)
[e5v2] r3: 训练对=13561 池=83736 | gap 中位   7.7% 均值  12.5% 可行  98% 覆盖  58% 崩盘 0  (2299s)
[e5v2] r3→r4: 回灌 7912 条(队列 7912)  (2607s)
[e5v2] r4: 训练对=13608 池=91648 | gap 中位   4.7% 均值   9.7% 可行  95% 覆盖  63% 崩盘 0  (2751s)
[e5v2] r4→r5: 回灌 7912 条(队列 7912)  (3061s)
[e5v2] r5: 训练对=13709 池=99560 | gap 中位   7.6% 均值  11.2% 可行  99% 覆盖  57% 崩盘 0  (3206s)
[e5v2] r5→r6: 回灌 7912 条(队列 7912)  (3518s)
[e5v2] r6: 训练对=13764 池=107472 | gap 中位   3.1% 均值   7.3% 可行  97% 覆盖  63% 崩盘 0  (3667s)
[e5v2] r6→r7: 回灌 7912 条(队列 7912)  (3984s)
[e5v2] r7: 训练对=13811 池=115384 | gap 中位   4.2% 均值   8.3% 可行  98% 覆盖  59% 崩盘 0  (4133s)
[e5v2] r7→r8: 回灌 7912 条(队列 7912)  (4453s)
[e5v2] r8: 训练对=13854 池=123296 | gap 中位   1.3% 均值   4.6% 可行  96% 覆盖  61% 崩盘 0  (4602s)
[e5v2] r8→r9: 回灌 7912 条(队列 7912)  (4924s)
[e5v2] r9: 训练对=13902 池=131208 | gap 中位   2.0% 均值   4.7% 可行  98% 覆盖  60% 崩盘 0  (5073s)
[e5v2] r9→r10: 回灌 7912 条(队列 7912)  (5390s)
[e5v2] r10: 训练对=13933 池=139120 | gap 中位   1.5% 均值   3.3% 可行  95% 覆盖  57% 崩盘 0  (5539s)
[e5v2] r10→r11: 回灌 7912 条(队列 7912)  (5854s)
[e5v2] r11: 训练对=13950 池=147032 | gap 中位   1.2% 均值   3.2% 可行  93% 覆盖  54% 崩盘 0  (6001s)
[e5v2] r11→r12: 回灌 7912 条(队列 7912)  (6305s)
[e5v2] r12: 训练对=13971 池=154944 | gap 中位   2.2% 均值   3.3% 可行  97% 覆盖  56% 崩盘 0  (6452s)
[e5v2] r12→r13: 回灌 7912 条(队列 7912)  (6752s)
[e5v2] r13: 训练对=13985 池=162856 | gap 中位   0.6% 均值   2.4% 可行  94% 覆盖  53% 崩盘 0  (6895s)
[e5v2] r13→r14: 回灌 7912 条(队列 7912)  (7197s)
[e5v2] r14: 训练对=13997 池=170768 | gap 中位   1.6% 均值   2.3% 可行  96% 覆盖  54% 崩盘 0  (7340s)
[e5v2] r14→r15: 回灌 7912 条(队列 7912)  (7648s)
[e5v2] r15: 训练对=14003 池=178680 | gap 中位   0.8% 均值   2.8% 可行  95% 覆盖  53% 崩盘 0  (7794s)
[e5v2] r15→r16: 回灌 7912 条(队列 7912)  (8097s)
[e5v2] r16: 训练对=14029 池=186592 | gap 中位   1.3% 均值   2.3% 可行  93% 覆盖  53% 崩盘 0  (8243s)
[e5v2] r16→r17: 回灌 7912 条(队列 7912)  (8546s)
[e5v2] r17: 训练对=14037 池=194504 | gap 中位   0.6% 均值   0.9% 可行  96% 覆盖  54% 崩盘 0  (8694s)
[e5v2] r17→r18: 回灌 7912 条(队列 7912)  (8998s)
[e5v2] r18: 训练对=14053 池=202416 | gap 中位   0.9% 均值   2.6% 可行  95% 覆盖  50% 崩盘 0  (9144s)
[e5v2] r18→r19: 回灌 7912 条(队列 7912)  (9449s)
[e5v2] r19: 训练对=14068 池=210328 | gap 中位   0.0% 均值   0.4% 可行  91% 覆盖  51% 崩盘 0  (9593s)
[e5v2] r19→r20: 回灌 7912 条(队列 7912)  (9902s)
[e5v2] r20: 训练对=14079 池=218240 | gap 中位   0.6% 均值   0.5% 可行  93% 覆盖  46% 崩盘 0  (10048s)
[e5v2] r20→r21: 回灌 7912 条(队列 7912)  (10361s)
[e5v2] r21: 训练对=14087 池=226152 | gap 中位   0.3% 均值   0.7% 可行  93% 覆盖  48% 崩盘 0  (10510s)
[e5v2] r21→r22: 回灌 7912 条(队列 7912)  (10817s)
[e5v2] r22: 训练对=14092 池=234064 | gap 中位   0.8% 均值   1.1% 可行  90% 覆盖  46% 崩盘 0  (10966s)
[e5v2] r22→r23: 回灌 7912 条(队列 7912)  (11274s)
[e5v2] r23: 训练对=14095 池=241976 | gap 中位   0.1% 均值  -0.2% 可行  90% 覆盖  49% 崩盘 0  (11420s)
[e5v2] r23→r24: 回灌 7912 条(队列 7912)  (11733s)
[e5v2] r24: 训练对=14109 池=249888 | gap 中位   1.4% 均值   1.4% 可行  94% 覆盖  42% 崩盘 0  (11882s)
[e5v2] r24→r25: 回灌 7912 条(队列 7912)  (12187s)
[e5v2] r25: 训练对=14118 池=257800 | gap 中位   0.0% 均值   0.0% 可行  94% 覆盖  48% 崩盘 0  (12333s)
[e5v2] r25→r26: 回灌 7912 条(队列 7912)  (12649s)
[e5v2] r26: 训练对=14123 池=265712 | gap 中位   0.3% 均值   0.7% 可行  94% 覆盖  44% 崩盘 0  (12798s)
[e5v2] r26→r27: 回灌 7912 条(队列 7912)  (13104s)
[e5v2] r27: 训练对=14128 池=273624 | gap 中位  -0.3% 均值  -1.1% 可行  88% 覆盖  47% 崩盘 0  (13251s)
[e5v2] r27→r28: 回灌 7912 条(队列 7912)  (13555s)
[e5v2] r28: 训练对=14128 池=281536 | gap 中位  -0.0% 均值  -0.6% 可行  92% 覆盖  44% 崩盘 0  (13706s)
[e5v2] r28→r29: 回灌 7912 条(队列 7912)  (14013s)
[e5v2] r29: 训练对=14140 池=289448 | gap 中位   0.4% 均值   0.7% 可行  94% 覆盖  40% 崩盘 0  (14165s)
[e5v2] r29→r30: 回灌 7912 条(队列 7912)  (14471s)
[e5v2] r30: 训练对=14152 池=297360 | gap 中位  -1.0% 均值  -1.2% 可行  92% 覆盖  47% 崩盘 0  (14617s)
[e5v2] r30→r31: 回灌 7912 条(队列 7912)  (14926s)
[e5v2] r31: 训练对=14166 池=305272 | gap 中位  -0.7% 均值  -0.9% 可行  91% 覆盖  42% 崩盘 0  (15078s)
[e5v2] r31→r32: 回灌 7912 条(队列 7912)  (15384s)
[e5v2] r32: 训练对=14167 池=313184 | gap 中位  -1.6% 均值  -1.5% 可行  85% 覆盖  40% 崩盘 0  (15533s)
[e5v2] r32→r33: 回灌 7912 条(队列 7912)  (15841s)
[e5v2] r33: 训练对=14184 池=321096 | gap 中位   0.0% 均值  -0.6% 可行  96% 覆盖  44% 崩盘 0  (15988s)
[e5v2] r33→r34: 回灌 7912 条(队列 7912)  (16300s)
[e5v2] r34: 训练对=14188 池=329008 | gap 中位  -0.0% 均值  -0.4% 可行  94% 覆盖  40% 崩盘 0  (16450s)
[e5v2] r34→r35: 回灌 7912 条(队列 7912)  (16757s)
[e5v2] r35: 训练对=14191 池=336920 | gap 中位  -0.9% 均值  -1.7% 可行  86% 覆盖  41% 崩盘 0  (16906s)
[e5v2] r35→r36: 回灌 7912 条(队列 7912)  (17219s)
[e5v2] r36: 训练对=14193 池=344832 | gap 中位  -1.1% 均值  -1.8% 可行  91% 覆盖  42% 崩盘 0  (17371s)
[e5v2] r36→r37: 回灌 7912 条(队列 7912)  (17680s)
[e5v2] r37: 训练对=14199 池=352744 | gap 中位  -0.7% 均值   0.1% 可行  89% 覆盖  44% 崩盘 0  (17830s)
[e5v2] r37→r38: 回灌 7912 条(队列 7912)  (18139s)
[e5v2] r38: 训练对=14213 池=360656 | gap 中位  -1.6% 均值  -2.1% 可行  88% 覆盖  44% 崩盘 0  (18289s)
[e5v2] r38→r39: 回灌 7912 条(队列 7912)  (18600s)
[e5v2] r39: 训练对=14223 池=368568 | gap 中位  -1.0% 均值  -1.2% 可行  91% 覆盖  43% 崩盘 0  (18746s)
[e5v2] r39→r40: 回灌 7912 条(队列 7912)  (19052s)
[e5v2] r40: 训练对=14224 池=376480 | gap 中位  -1.2% 均值  -0.3% 可行  87% 覆盖  42% 崩盘 1  (19200s)

== E5-v2 轨迹 ==
  r0: gap  26.7%  可行  90%  崩盘 3  池 60000
  r1: gap  16.6%  可行  96%  崩盘 0  池 67912
  r2: gap  14.9%  可行  97%  崩盘 0  池 75824
  r3: gap   7.7%  可行  98%  崩盘 0  池 83736
  r4: gap   4.7%  可行  95%  崩盘 0  池 91648
  r5: gap   7.6%  可行  99%  崩盘 0  池 99560
  r6: gap   3.1%  可行  97%  崩盘 0  池 107472
  r7: gap   4.2%  可行  98%  崩盘 0  池 115384
  r8: gap   1.3%  可行  96%  崩盘 0  池 123296
  r9: gap   2.0%  可行  98%  崩盘 0  池 131208
  r10: gap   1.5%  可行  95%  崩盘 0  池 139120
  r11: gap   1.2%  可行  93%  崩盘 0  池 147032
  r12: gap   2.2%  可行  97%  崩盘 0  池 154944
  r13: gap   0.6%  可行  94%  崩盘 0  池 162856
  r14: gap   1.6%  可行  96%  崩盘 0  池 170768
  r15: gap   0.8%  可行  95%  崩盘 0  池 178680
  r16: gap   1.3%  可行  93%  崩盘 0  池 186592
  r17: gap   0.6%  可行  96%  崩盘 0  池 194504
  r18: gap   0.9%  可行  95%  崩盘 0  池 202416
  r19: gap   0.0%  可行  91%  崩盘 0  池 210328
  r20: gap   0.6%  可行  93%  崩盘 0  池 218240
  r21: gap   0.3%  可行  93%  崩盘 0  池 226152
  r22: gap   0.8%  可行  90%  崩盘 0  池 234064
  r23: gap   0.1%  可行  90%  崩盘 0  池 241976
  r24: gap   1.4%  可行  94%  崩盘 0  池 249888
  r25: gap   0.0%  可行  94%  崩盘 0  池 257800
  r26: gap   0.3%  可行  94%  崩盘 0  池 265712
  r27: gap  -0.3%  可行  88%  崩盘 0  池 273624
  r28: gap  -0.0%  可行  92%  崩盘 0  池 281536
  r29: gap   0.4%  可行  94%  崩盘 0  池 289448
  r30: gap  -1.0%  可行  92%  崩盘 0  池 297360
  r31: gap  -0.7%  可行  91%  崩盘 0  池 305272
  r32: gap  -1.6%  可行  85%  崩盘 0  池 313184
  r33: gap   0.0%  可行  96%  崩盘 0  池 321096
  r34: gap  -0.0%  可行  94%  崩盘 0  池 329008
  r35: gap  -0.9%  可行  86%  崩盘 0  池 336920
  r36: gap  -1.1%  可行  91%  崩盘 0  池 344832
  r37: gap  -0.7%  可行  89%  崩盘 0  池 352744
  r38: gap  -1.6%  可行  88%  崩盘 0  池 360656
  r39: gap  -1.0%  可行  91%  崩盘 0  池 368568
  r40: gap  -1.2%  可行  87%  崩盘 1  池 376480
[e5v2] done → outputs/v25_skid_e5_s1  (19200s)
退出码 0
[累计 729 分钟]

=========== 5b/6 · 两种子比对（出汇报口径；训练类指标 ≥2 种子才报） ===========
质量范围 4.0–36.0 kg   通道探针在 12.0 kg

指标                   seed0     seed1        散布      判定
gap 中位 %            -0.998     -1.11     0.111      ✓稳
可行率 %                 88.4      89.3     0.909      ✓稳
覆盖 %                  42.2      43.2     0.955      ✓稳
越前沿轮                    21        27         6      ✗散
末5轮趋势 %              0.207    -0.312     0.519      ✗散
θ踝 °                   126       126    0.0727      ✓稳
θ膝 °                   136       136       0.8      ✓稳
κ踝 跨工况×               1.99      2.02    0.0227      ✓稳
τ 跨工况×                2.77      2.86    0.0917      ✓稳
κ膝 跨工况×               1.15      1.26      0.11      ✓稳
κ髋 跨工况×               1.05      1.16     0.111      ✓稳
b_eff                0.318     0.313   0.00512      ✓稳

对照 outputs/v23_e5_bio(质量 4.0–36.0 kg):
  gap -2.6%  覆盖 32.5%  θ 129/136°  κ踝 3.02×  τ 3.75×  b_eff 0.353
  ⚠ gap/覆盖不可跨版本直接比(条件分布不同);可比的是姿态、通道比、b_eff。

=== 可进汇报的口径 ===
  gap 中位 %         -1.05 ± 0.055
  可行率 %            88.9 ± 0.45
  覆盖 %             42.7 ± 0.48
  越前沿轮             24 ± 3   ← 散布过大,需第三个种子或更多轮
  末5轮趋势 %          -0.0528 ± 0.26   ← 散布过大,需第三个种子或更多轮
  θ踝 °             126 ± 0.036
  θ膝 °             136 ± 0.4
  κ踝 跨工况×          2 ± 0.011
  τ 跨工况×           2.82 ± 0.046
  κ膝 跨工况×          1.2 ± 0.055
  κ髋 跨工况×          1.1 ± 0.055
  b_eff            0.315 ± 0.0026
退出码 0
[累计 729 分钟]

=========== 6a/6 · E18b 四臂走廊 ===========
[e18b] 足端定尺 = bearing
[e18b] 6 工况 × 27648 = 165888 次评价(每次 2 遍仿真)

[concrete1.2] 4臂 × 9u × 16级 × 48探针 = 27648 次评价

******************************
DYNAMIC SOLVER FAILED:
  use showHints=True to show helpful information
******************************


******************************
DYNAMIC SOLVER FAILED:
  use showHints=True to show helpful information
******************************


******************************
DYNAMIC SOLVER FAILED:
  use showHints=True to show helpful information
******************************


******************************
DYNAMIC SOLVER FAILED:
  use showHints=True to show helpful information
******************************


******************************
DYNAMIC SOLVER FAILED:
  use showHints=True to show helpful information
******************************


******************************
DYNAMIC SOLVER FAILED:
  use showHints=True to show helpful information
******************************


******************************
DYNAMIC SOLVER FAILED:
  use showHints=True to show helpful information
******************************


******************************
DYNAMIC SOLVER FAILED:
  use showHints=True to show helpful information
******************************


******************************
DYNAMIC SOLVER FAILED:
  use showHints=True to show helpful information
******************************


******************************
DYNAMIC SOLVER FAILED:
  use showHints=True to show helpful information
******************************


******************************
DYNAMIC SOLVER FAILED:
  use showHints=True to show helpful information
******************************


******************************
DYNAMIC SOLVER FAILED:
  use showHints=True to show helpful information
******************************


******************************
DYNAMIC SOLVER FAILED:
  use showHints=True to show helpful information
******************************


******************************
DYNAMIC SOLVER FAILED:
  use showHints=True to show helpful information
******************************


******************************
DYNAMIC SOLVER FAILED:
  use showHints=True to show helpful information
******************************


******************************
DYNAMIC SOLVER FAILED:
  use showHints=True to show helpful information
******************************


******************************
DYNAMIC SOLVER FAILED:
  use showHints=True to show helpful information
******************************


******************************
DYNAMIC SOLVER FAILED:
  use showHints=True to show helpful information
******************************


******************************
DYNAMIC SOLVER FAILED:
  use showHints=True to show helpful information
******************************


******************************
DYNAMIC SOLVER FAILED:
  use showHints=True to show helpful information
******************************


******************************
DYNAMIC SOLVER FAILED:
  use showHints=True to show helpful information
******************************


******************************
DYNAMIC SOLVER FAILED:
  use showHints=True to show helpful information
******************************


******************************
DYNAMIC SOLVER FAILED:
  use showHints=True to show helpful information
******************************


******************************
DYNAMIC SOLVER FAILED:
  use showHints=True to show helpful information
******************************


******************************
DYNAMIC SOLVER FAILED:
  use showHints=True to show helpful information
******************************


******************************
DYNAMIC SOLVER FAILED:
  use showHints=True to show helpful information
******************************


******************************
DYNAMIC SOLVER FAILED:
  use showHints=True to show helpful information
******************************


******************************
DYNAMIC SOLVER FAILED:
  use showHints=True to show helpful information
******************************


******************************
DYNAMIC SOLVER FAILED:
  use showHints=True to show helpful information
******************************


******************************
DYNAMIC SOLVER FAILED:
  use showHints=True to show helpful information
******************************


******************************
DYNAMIC SOLVER FAILED:
  use showHints=True to show helpful information
******************************


******************************
DYNAMIC SOLVER FAILED:
  use showHints=True to show helpful information
******************************


******************************
DYNAMIC SOLVER FAILED:
  use showHints=True to show helpful information
******************************


******************************
DYNAMIC SOLVER FAILED:
  use showHints=True to show helpful information
******************************


******************************
DYNAMIC SOLVER FAILED:
  use showHints=True to show helpful information
******************************


******************************
DYNAMIC SOLVER FAILED:
  use showHints=True to show helpful information
******************************


******************************
DYNAMIC SOLVER FAILED:
  use showHints=True to show helpful information
******************************


******************************
DYNAMIC SOLVER FAILED:
  use showHints=True to show helpful information
******************************


******************************
DYNAMIC SOLVER FAILED:
  use showHints=True to show helpful information
******************************


******************************
DYNAMIC SOLVER FAILED:
  use showHints=True to show helpful information
******************************


******************************
DYNAMIC SOLVER FAILED:
  use showHints=True to show helpful information
******************************


******************************
DYNAMIC SOLVER FAILED:
  use showHints=True to show helpful information
******************************


******************************
DYNAMIC SOLVER FAILED:
  use showHints=True to show helpful information
******************************


******************************
DYNAMIC SOLVER FAILED:
  use showHints=True to show helpful information
******************************


******************************
DYNAMIC SOLVER FAILED:
  use showHints=True to show helpful information
******************************


******************************
DYNAMIC SOLVER FAILED:
  use showHints=True to show helpful information
******************************

[concrete1.2] 完成 (890s)
[concrete1.2] → outputs/v25_skid_e18b/e18b_concrete1.2.json
  臂           2.0   2.4   3.0   3.6   4.4   5.4   6.6   8.1   9.9  12.1  14.7  18.0  22.0  26.8  32.8  40.0
  bio           5     4     5     8     6     8     9     9     9    12    11     8    10     9     9    11
  geo           4     7     6     9     6     9     9     8     9    10    10     9     9    11     9     8
  elastic       5     6     5     7     6     7     5     8     7     7     8     7     6     4     3     5
  none          8     6     7     6     5     6     5     3     3     2     1     0     0     0     0     0

[turf1.2] 4臂 × 9u × 16级 × 48探针 = 27648 次评价

******************************
DYNAMIC SOLVER FAILED:
  use showHints=True to show helpful information
******************************


******************************
DYNAMIC SOLVER FAILED:
  use showHints=True to show helpful information
******************************


******************************
DYNAMIC SOLVER FAILED:
  use showHints=True to show helpful information
******************************


******************************
DYNAMIC SOLVER FAILED:
  use showHints=True to show helpful information
******************************


******************************
DYNAMIC SOLVER FAILED:
  use showHints=True to show helpful information
******************************


******************************
DYNAMIC SOLVER FAILED:
  use showHints=True to show helpful information
******************************


******************************
DYNAMIC SOLVER FAILED:
  use showHints=True to show helpful information
******************************


******************************
DYNAMIC SOLVER FAILED:
  use showHints=True to show helpful information
******************************


******************************
DYNAMIC SOLVER FAILED:
  use showHints=True to show helpful information
******************************


******************************
DYNAMIC SOLVER FAILED:
  use showHints=True to show helpful information
******************************


******************************
DYNAMIC SOLVER FAILED:
  use showHints=True to show helpful information
******************************


******************************
DYNAMIC SOLVER FAILED:
  use showHints=True to show helpful information
******************************


******************************
DYNAMIC SOLVER FAILED:
  use showHints=True to show helpful information
******************************


******************************
DYNAMIC SOLVER FAILED:
  use showHints=True to show helpful information
******************************


******************************
DYNAMIC SOLVER FAILED:
  use showHints=True to show helpful information
******************************


******************************
DYNAMIC SOLVER FAILED:
  use showHints=True to show helpful information
******************************


******************************
DYNAMIC SOLVER FAILED:
  use showHints=True to show helpful information
******************************


******************************
DYNAMIC SOLVER FAILED:
  use showHints=True to show helpful information
******************************


******************************
DYNAMIC SOLVER FAILED:
  use showHints=True to show helpful information
******************************


******************************
DYNAMIC SOLVER FAILED:
  use showHints=True to show helpful information
******************************


******************************
DYNAMIC SOLVER FAILED:
  use showHints=True to show helpful information
******************************


******************************
DYNAMIC SOLVER FAILED:
  use showHints=True to show helpful information
******************************


******************************
DYNAMIC SOLVER FAILED:
  use showHints=True to show helpful information
******************************


******************************
DYNAMIC SOLVER FAILED:
  use showHints=True to show helpful information
******************************


******************************
DYNAMIC SOLVER FAILED:
  use showHints=True to show helpful information
******************************


******************************
DYNAMIC SOLVER FAILED:
  use showHints=True to show helpful information
******************************


******************************
DYNAMIC SOLVER FAILED:
  use showHints=True to show helpful information
******************************


******************************
DYNAMIC SOLVER FAILED:
  use showHints=True to show helpful information
******************************


******************************
DYNAMIC SOLVER FAILED:
  use showHints=True to show helpful information
******************************


******************************
DYNAMIC SOLVER FAILED:
  use showHints=True to show helpful information
******************************


******************************
DYNAMIC SOLVER FAILED:
  use showHints=True to show helpful information
******************************


******************************
DYNAMIC SOLVER FAILED:
  use showHints=True to show helpful information
******************************


******************************
DYNAMIC SOLVER FAILED:
  use showHints=True to show helpful information
******************************


******************************
DYNAMIC SOLVER FAILED:
  use showHints=True to show helpful information
******************************


******************************
DYNAMIC SOLVER FAILED:
  use showHints=True to show helpful information
******************************


******************************
DYNAMIC SOLVER FAILED:
  use showHints=True to show helpful information
******************************


******************************
DYNAMIC SOLVER FAILED:
  use showHints=True to show helpful information
******************************


******************************
DYNAMIC SOLVER FAILED:
  use showHints=True to show helpful information
******************************


******************************
DYNAMIC SOLVER FAILED:
  use showHints=True to show helpful information
******************************


******************************
DYNAMIC SOLVER FAILED:
  use showHints=True to show helpful information
******************************


******************************
DYNAMIC SOLVER FAILED:
  use showHints=True to show helpful information
******************************


******************************
DYNAMIC SOLVER FAILED:
  use showHints=True to show helpful information
******************************


******************************
DYNAMIC SOLVER FAILED:
  use showHints=True to show helpful information
******************************


******************************
DYNAMIC SOLVER FAILED:
  use showHints=True to show helpful information
******************************


******************************
DYNAMIC SOLVER FAILED:
  use showHints=True to show helpful information
******************************


******************************
DYNAMIC SOLVER FAILED:
  use showHints=True to show helpful information
******************************


******************************
DYNAMIC SOLVER FAILED:
  use showHints=True to show helpful information
******************************


******************************
DYNAMIC SOLVER FAILED:
  use showHints=True to show helpful information
******************************


******************************
DYNAMIC SOLVER FAILED:
  use showHints=True to show helpful information
******************************


******************************
DYNAMIC SOLVER FAILED:
  use showHints=True to show helpful information
******************************


******************************
DYNAMIC SOLVER FAILED:
  use showHints=True to show helpful information
******************************


******************************
DYNAMIC SOLVER FAILED:
  use showHints=True to show helpful information
******************************


******************************
DYNAMIC SOLVER FAILED:
  use showHints=True to show helpful information
******************************


******************************
DYNAMIC SOLVER FAILED:
  use showHints=True to show helpful information
******************************


******************************
DYNAMIC SOLVER FAILED:
  use showHints=True to show helpful information
******************************


******************************
DYNAMIC SOLVER FAILED:
  use showHints=True to show helpful information
******************************


******************************
DYNAMIC SOLVER FAILED:
  use showHints=True to show helpful information
******************************


******************************
DYNAMIC SOLVER FAILED:
  use showHints=True to show helpful information
******************************


******************************
DYNAMIC SOLVER FAILED:
  use showHints=True to show helpful information
******************************


******************************
DYNAMIC SOLVER FAILED:
  use showHints=True to show helpful information
******************************


******************************
DYNAMIC SOLVER FAILED:
  use showHints=True to show helpful information
******************************


******************************
DYNAMIC SOLVER FAILED:
  use showHints=True to show helpful information
******************************


******************************
DYNAMIC SOLVER FAILED:
  use showHints=True to show helpful information
******************************


******************************
DYNAMIC SOLVER FAILED:
  use showHints=True to show helpful information
******************************


******************************
DYNAMIC SOLVER FAILED:
  use showHints=True to show helpful information
******************************


******************************
DYNAMIC SOLVER FAILED:
  use showHints=True to show helpful information
******************************


******************************
DYNAMIC SOLVER FAILED:
  use showHints=True to show helpful information
******************************


******************************
DYNAMIC SOLVER FAILED:
  use showHints=True to show helpful information
******************************


******************************
DYNAMIC SOLVER FAILED:
  use showHints=True to show helpful information
******************************


******************************
DYNAMIC SOLVER FAILED:
  use showHints=True to show helpful information
******************************


******************************
DYNAMIC SOLVER FAILED:
  use showHints=True to show helpful information
******************************


******************************
DYNAMIC SOLVER FAILED:
  use showHints=True to show helpful information
******************************


******************************
DYNAMIC SOLVER FAILED:
  use showHints=True to show helpful information
******************************


******************************
DYNAMIC SOLVER FAILED:
  use showHints=True to show helpful information
******************************


******************************
DYNAMIC SOLVER FAILED:
  use showHints=True to show helpful information
******************************


******************************
DYNAMIC SOLVER FAILED:
  use showHints=True to show helpful information
******************************


******************************
DYNAMIC SOLVER FAILED:
  use showHints=True to show helpful information
******************************


******************************
DYNAMIC SOLVER FAILED:
  use showHints=True to show helpful information
******************************


******************************
DYNAMIC SOLVER FAILED:
  use showHints=True to show helpful information
******************************


******************************
DYNAMIC SOLVER FAILED:
  use showHints=True to show helpful information
******************************


******************************
DYNAMIC SOLVER FAILED:
  use showHints=True to show helpful information
******************************


******************************
DYNAMIC SOLVER FAILED:
  use showHints=True to show helpful information
******************************


******************************
DYNAMIC SOLVER FAILED:
  use showHints=True to show helpful information
******************************


******************************
DYNAMIC SOLVER FAILED:
  use showHints=True to show helpful information
******************************


******************************
DYNAMIC SOLVER FAILED:
  use showHints=True to show helpful information
******************************


******************************
DYNAMIC SOLVER FAILED:
  use showHints=True to show helpful information
******************************


******************************
DYNAMIC SOLVER FAILED:
  use showHints=True to show helpful information
******************************


******************************
DYNAMIC SOLVER FAILED:
  use showHints=True to show helpful information
******************************


******************************
DYNAMIC SOLVER FAILED:
  use showHints=True to show helpful information
******************************


******************************
DYNAMIC SOLVER FAILED:
  use showHints=True to show helpful information
******************************


******************************
DYNAMIC SOLVER FAILED:
  use showHints=True to show helpful information
******************************


******************************
DYNAMIC SOLVER FAILED:
  use showHints=True to show helpful information
******************************


******************************
DYNAMIC SOLVER FAILED:
  use showHints=True to show helpful information
******************************


******************************
DYNAMIC SOLVER FAILED:
  use showHints=True to show helpful information
******************************


******************************
DYNAMIC SOLVER FAILED:
  use showHints=True to show helpful information
******************************


******************************
DYNAMIC SOLVER FAILED:
  use showHints=True to show helpful information
******************************


******************************
DYNAMIC SOLVER FAILED:
  use showHints=True to show helpful information
******************************


******************************
DYNAMIC SOLVER FAILED:
  use showHints=True to show helpful information
******************************


******************************
DYNAMIC SOLVER FAILED:
  use showHints=True to show helpful information
******************************


******************************
DYNAMIC SOLVER FAILED:
  use showHints=True to show helpful information
******************************


******************************
DYNAMIC SOLVER FAILED:
  use showHints=True to show helpful information
******************************


******************************
DYNAMIC SOLVER FAILED:
  use showHints=True to show helpful information
******************************


******************************
DYNAMIC SOLVER FAILED:
  use showHints=True to show helpful information
******************************


******************************
DYNAMIC SOLVER FAILED:
  use showHints=True to show helpful information
******************************


******************************
DYNAMIC SOLVER FAILED:
  use showHints=True to show helpful information
******************************


******************************
DYNAMIC SOLVER FAILED:
  use showHints=True to show helpful information
******************************


******************************
DYNAMIC SOLVER FAILED:
  use showHints=True to show helpful information
******************************


******************************
DYNAMIC SOLVER FAILED:
  use showHints=True to show helpful information
******************************


******************************
DYNAMIC SOLVER FAILED:
  use showHints=True to show helpful information
******************************


******************************
DYNAMIC SOLVER FAILED:
  use showHints=True to show helpful information
******************************


******************************
DYNAMIC SOLVER FAILED:
  use showHints=True to show helpful information
******************************


******************************
DYNAMIC SOLVER FAILED:
  use showHints=True to show helpful information
******************************


******************************
DYNAMIC SOLVER FAILED:
  use showHints=True to show helpful information
******************************


******************************
DYNAMIC SOLVER FAILED:
  use showHints=True to show helpful information
******************************


******************************
DYNAMIC SOLVER FAILED:
  use showHints=True to show helpful information
******************************


******************************
DYNAMIC SOLVER FAILED:
  use showHints=True to show helpful information
******************************


******************************
DYNAMIC SOLVER FAILED:
  use showHints=True to show helpful information
******************************

[turf1.2] 完成 (989s)
[turf1.2] → outputs/v25_skid_e18b/e18b_turf1.2.json
  臂           2.0   2.4   3.0   3.6   4.4   5.4   6.6   8.1   9.9  12.1  14.7  18.0  22.0  26.8  32.8  40.0
  bio          11    12    18    24    33    45    56    58    60    57    60    56    57    54    47    40
  geo          12    14    21    25    34    39    49    53    53    50    54    51    48    46    46    41
  elastic      17    16    19    23    27    37    48    45    44    44    41    41    38    37    31    29
  none         18    17    23    23    27    31    31    25    19    15    10     7     2     2     2     0

[wetsand1.2] 4臂 × 9u × 16级 × 48探针 = 27648 次评价

******************************
DYNAMIC SOLVER FAILED:
  use showHints=True to show helpful information
******************************


******************************
DYNAMIC SOLVER FAILED:
  use showHints=True to show helpful information
******************************


******************************
DYNAMIC SOLVER FAILED:
  use showHints=True to show helpful information
******************************


******************************
DYNAMIC SOLVER FAILED:
  use showHints=True to show helpful information
******************************


******************************
DYNAMIC SOLVER FAILED:
  use showHints=True to show helpful information
******************************


******************************
DYNAMIC SOLVER FAILED:
  use showHints=True to show helpful information
******************************


******************************
DYNAMIC SOLVER FAILED:
  use showHints=True to show helpful information
******************************


******************************
DYNAMIC SOLVER FAILED:
  use showHints=True to show helpful information
******************************


******************************
DYNAMIC SOLVER FAILED:
  use showHints=True to show helpful information
******************************


******************************
DYNAMIC SOLVER FAILED:
  use showHints=True to show helpful information
******************************


******************************
DYNAMIC SOLVER FAILED:
  use showHints=True to show helpful information
******************************


******************************
DYNAMIC SOLVER FAILED:
  use showHints=True to show helpful information
******************************


******************************
DYNAMIC SOLVER FAILED:
  use showHints=True to show helpful information
******************************


******************************
DYNAMIC SOLVER FAILED:
  use showHints=True to show helpful information
******************************


******************************
DYNAMIC SOLVER FAILED:
  use showHints=True to show helpful information
******************************


******************************
DYNAMIC SOLVER FAILED:
  use showHints=True to show helpful information
******************************


******************************
DYNAMIC SOLVER FAILED:
  use showHints=True to show helpful information
******************************


******************************
DYNAMIC SOLVER FAILED:
  use showHints=True to show helpful information
******************************


******************************
DYNAMIC SOLVER FAILED:
  use showHints=True to show helpful information
******************************


******************************
DYNAMIC SOLVER FAILED:
  use showHints=True to show helpful information
******************************


******************************
DYNAMIC SOLVER FAILED:
  use showHints=True to show helpful information
******************************


******************************
DYNAMIC SOLVER FAILED:
  use showHints=True to show helpful information
******************************


******************************
DYNAMIC SOLVER FAILED:
  use showHints=True to show helpful information
******************************


******************************
DYNAMIC SOLVER FAILED:
  use showHints=True to show helpful information
******************************


******************************
DYNAMIC SOLVER FAILED:
  use showHints=True to show helpful information
******************************


******************************
DYNAMIC SOLVER FAILED:
  use showHints=True to show helpful information
******************************


******************************
DYNAMIC SOLVER FAILED:
  use showHints=True to show helpful information
******************************


******************************
DYNAMIC SOLVER FAILED:
  use showHints=True to show helpful information
******************************


******************************
DYNAMIC SOLVER FAILED:
  use showHints=True to show helpful information
******************************

[wetsand1.2] 完成 (950s)
[wetsand1.2] → outputs/v25_skid_e18b/e18b_wetsand1.2.json
  臂           2.0   2.4   3.0   3.6   4.4   5.4   6.6   8.1   9.9  12.1  14.7  18.0  22.0  26.8  32.8  40.0
  bio          22    31    47    61    65    73    74    72    74    74    72    73    68    60    50    37
  geo          23    35    49    62    67    70    67    69    69    72    71    67    63    55    47    33
  elastic      25    34    45    66    63    66    65    62    60    61    58    55    51    42    35    25
  none         35    41    52    61    57    54    45    39    34    28    20    11     3     0     0     0

[concrete1.5] 4臂 × 9u × 16级 × 48探针 = 27648 次评价

******************************
DYNAMIC SOLVER FAILED:
  use showHints=True to show helpful information
******************************


******************************
DYNAMIC SOLVER FAILED:
  use showHints=True to show helpful information
******************************


******************************
DYNAMIC SOLVER FAILED:
  use showHints=True to show helpful information
******************************


******************************
DYNAMIC SOLVER FAILED:
  use showHints=True to show helpful information
******************************


******************************
DYNAMIC SOLVER FAILED:
  use showHints=True to show helpful information
******************************


******************************
DYNAMIC SOLVER FAILED:
  use showHints=True to show helpful information
******************************


******************************
DYNAMIC SOLVER FAILED:
  use showHints=True to show helpful information
******************************


******************************
DYNAMIC SOLVER FAILED:
  use showHints=True to show helpful information
******************************


******************************
DYNAMIC SOLVER FAILED:
  use showHints=True to show helpful information
******************************


******************************
DYNAMIC SOLVER FAILED:
  use showHints=True to show helpful information
******************************


******************************
DYNAMIC SOLVER FAILED:
  use showHints=True to show helpful information
******************************


******************************
DYNAMIC SOLVER FAILED:
  use showHints=True to show helpful information
******************************


******************************
DYNAMIC SOLVER FAILED:
  use showHints=True to show helpful information
******************************


******************************
DYNAMIC SOLVER FAILED:
  use showHints=True to show helpful information
******************************


******************************
DYNAMIC SOLVER FAILED:
  use showHints=True to show helpful information
******************************


******************************
DYNAMIC SOLVER FAILED:
  use showHints=True to show helpful information
******************************


******************************
DYNAMIC SOLVER FAILED:
  use showHints=True to show helpful information
******************************


******************************
DYNAMIC SOLVER FAILED:
  use showHints=True to show helpful information
******************************


******************************
DYNAMIC SOLVER FAILED:
  use showHints=True to show helpful information
******************************


******************************
DYNAMIC SOLVER FAILED:
  use showHints=True to show helpful information
******************************


******************************
DYNAMIC SOLVER FAILED:
  use showHints=True to show helpful information
******************************


******************************
DYNAMIC SOLVER FAILED:
  use showHints=True to show helpful information
******************************


******************************
DYNAMIC SOLVER FAILED:
  use showHints=True to show helpful information
******************************


******************************
DYNAMIC SOLVER FAILED:
  use showHints=True to show helpful information
******************************


******************************
DYNAMIC SOLVER FAILED:
  use showHints=True to show helpful information
******************************


******************************
DYNAMIC SOLVER FAILED:
  use showHints=True to show helpful information
******************************


******************************
DYNAMIC SOLVER FAILED:
  use showHints=True to show helpful information
******************************


******************************
DYNAMIC SOLVER FAILED:
  use showHints=True to show helpful information
******************************


******************************
DYNAMIC SOLVER FAILED:
  use showHints=True to show helpful information
******************************


******************************
DYNAMIC SOLVER FAILED:
  use showHints=True to show helpful information
******************************


******************************
DYNAMIC SOLVER FAILED:
  use showHints=True to show helpful information
******************************


******************************
DYNAMIC SOLVER FAILED:
  use showHints=True to show helpful information
******************************


******************************
DYNAMIC SOLVER FAILED:
  use showHints=True to show helpful information
******************************


******************************
DYNAMIC SOLVER FAILED:
  use showHints=True to show helpful information
******************************


******************************
DYNAMIC SOLVER FAILED:
  use showHints=True to show helpful information
******************************


******************************
DYNAMIC SOLVER FAILED:
  use showHints=True to show helpful information
******************************


******************************
DYNAMIC SOLVER FAILED:
  use showHints=True to show helpful information
******************************


******************************
DYNAMIC SOLVER FAILED:
  use showHints=True to show helpful information
******************************


******************************
DYNAMIC SOLVER FAILED:
  use showHints=True to show helpful information
******************************


******************************
DYNAMIC SOLVER FAILED:
  use showHints=True to show helpful information
******************************


******************************
DYNAMIC SOLVER FAILED:
  use showHints=True to show helpful information
******************************


******************************
DYNAMIC SOLVER FAILED:
  use showHints=True to show helpful information
******************************


******************************
DYNAMIC SOLVER FAILED:
  use showHints=True to show helpful information
******************************


******************************
DYNAMIC SOLVER FAILED:
  use showHints=True to show helpful information
******************************


******************************
DYNAMIC SOLVER FAILED:
  use showHints=True to show helpful information
******************************


******************************
DYNAMIC SOLVER FAILED:
  use showHints=True to show helpful information
******************************


******************************
DYNAMIC SOLVER FAILED:
  use showHints=True to show helpful information
******************************


******************************
DYNAMIC SOLVER FAILED:
  use showHints=True to show helpful information
******************************


******************************
DYNAMIC SOLVER FAILED:
  use showHints=True to show helpful information
******************************


******************************
DYNAMIC SOLVER FAILED:
  use showHints=True to show helpful information
******************************


******************************
DYNAMIC SOLVER FAILED:
  use showHints=True to show helpful information
******************************


******************************
DYNAMIC SOLVER FAILED:
  use showHints=True to show helpful information
******************************


******************************
DYNAMIC SOLVER FAILED:
  use showHints=True to show helpful information
******************************


******************************
DYNAMIC SOLVER FAILED:
  use showHints=True to show helpful information
******************************


******************************
DYNAMIC SOLVER FAILED:
  use showHints=True to show helpful information
******************************


******************************
DYNAMIC SOLVER FAILED:
  use showHints=True to show helpful information
******************************


******************************
DYNAMIC SOLVER FAILED:
  use showHints=True to show helpful information
******************************


******************************
DYNAMIC SOLVER FAILED:
  use showHints=True to show helpful information
******************************


******************************
DYNAMIC SOLVER FAILED:
  use showHints=True to show helpful information
******************************


******************************
DYNAMIC SOLVER FAILED:
  use showHints=True to show helpful information
******************************


******************************
DYNAMIC SOLVER FAILED:
  use showHints=True to show helpful information
******************************


******************************
DYNAMIC SOLVER FAILED:
  use showHints=True to show helpful information
******************************


******************************
DYNAMIC SOLVER FAILED:
  use showHints=True to show helpful information
******************************


******************************
DYNAMIC SOLVER FAILED:
  use showHints=True to show helpful information
******************************


******************************
DYNAMIC SOLVER FAILED:
  use showHints=True to show helpful information
******************************


******************************
DYNAMIC SOLVER FAILED:
  use showHints=True to show helpful information
******************************


******************************
DYNAMIC SOLVER FAILED:
  use showHints=True to show helpful information
******************************


******************************
DYNAMIC SOLVER FAILED:
  use showHints=True to show helpful information
******************************


******************************
DYNAMIC SOLVER FAILED:
  use showHints=True to show helpful information
******************************


******************************
DYNAMIC SOLVER FAILED:
  use showHints=True to show helpful information
******************************


******************************
DYNAMIC SOLVER FAILED:
  use showHints=True to show helpful information
******************************


******************************
DYNAMIC SOLVER FAILED:
  use showHints=True to show helpful information
******************************


******************************
DYNAMIC SOLVER FAILED:
  use showHints=True to show helpful information
******************************


******************************
DYNAMIC SOLVER FAILED:
  use showHints=True to show helpful information
******************************


******************************
DYNAMIC SOLVER FAILED:
  use showHints=True to show helpful information
******************************


******************************
DYNAMIC SOLVER FAILED:
  use showHints=True to show helpful information
******************************


******************************
DYNAMIC SOLVER FAILED:
  use showHints=True to show helpful information
******************************


******************************
DYNAMIC SOLVER FAILED:
  use showHints=True to show helpful information
******************************


******************************
DYNAMIC SOLVER FAILED:
  use showHints=True to show helpful information
******************************


******************************
DYNAMIC SOLVER FAILED:
  use showHints=True to show helpful information
******************************


******************************
DYNAMIC SOLVER FAILED:
  use showHints=True to show helpful information
******************************


******************************
DYNAMIC SOLVER FAILED:
  use showHints=True to show helpful information
******************************


******************************
DYNAMIC SOLVER FAILED:
  use showHints=True to show helpful information
******************************


******************************
DYNAMIC SOLVER FAILED:
  use showHints=True to show helpful information
******************************


******************************
DYNAMIC SOLVER FAILED:
  use showHints=True to show helpful information
******************************


******************************
DYNAMIC SOLVER FAILED:
  use showHints=True to show helpful information
******************************


******************************
DYNAMIC SOLVER FAILED:
  use showHints=True to show helpful information
******************************


******************************
DYNAMIC SOLVER FAILED:
  use showHints=True to show helpful information
******************************


******************************
DYNAMIC SOLVER FAILED:
  use showHints=True to show helpful information
******************************


******************************
DYNAMIC SOLVER FAILED:
  use showHints=True to show helpful information
******************************


******************************
DYNAMIC SOLVER FAILED:
  use showHints=True to show helpful information
******************************


******************************
DYNAMIC SOLVER FAILED:
  use showHints=True to show helpful information
******************************


******************************
DYNAMIC SOLVER FAILED:
  use showHints=True to show helpful information
******************************


******************************
DYNAMIC SOLVER FAILED:
  use showHints=True to show helpful information
******************************


******************************
DYNAMIC SOLVER FAILED:
  use showHints=True to show helpful information
******************************


******************************
DYNAMIC SOLVER FAILED:
  use showHints=True to show helpful information
******************************


******************************
DYNAMIC SOLVER FAILED:
  use showHints=True to show helpful information
******************************


******************************
DYNAMIC SOLVER FAILED:
  use showHints=True to show helpful information
******************************


******************************
DYNAMIC SOLVER FAILED:
  use showHints=True to show helpful information
******************************


******************************
DYNAMIC SOLVER FAILED:
  use showHints=True to show helpful information
******************************

[concrete1.5] 完成 (904s)
[concrete1.5] → outputs/v25_skid_e18b/e18b_concrete1.5.json
  臂           2.0   2.4   3.0   3.6   4.4   5.4   6.6   8.1   9.9  12.1  14.7  18.0  22.0  26.8  32.8  40.0
  bio           1     1     1     2     3     3     2     2     1     1     1     1     0     0     0     0
  geo           1     1     2     3     2     1     3     1     2     0     1     0     1     0     1     0
  elastic       2     1     1     0     2     2     1     2     1     1     1     0     0     0     1     0
  none          1     2     2     2     2     1     1     1     0     0     0     0     0     0     0     0

[turf2.0] 4臂 × 9u × 16级 × 48探针 = 27648 次评价

******************************
DYNAMIC SOLVER FAILED:
  use showHints=True to show helpful information
******************************


******************************
DYNAMIC SOLVER FAILED:
  use showHints=True to show helpful information
******************************


******************************
DYNAMIC SOLVER FAILED:
  use showHints=True to show helpful information
******************************


******************************
DYNAMIC SOLVER FAILED:
  use showHints=True to show helpful information
******************************


******************************
DYNAMIC SOLVER FAILED:
  use showHints=True to show helpful information
******************************


******************************
DYNAMIC SOLVER FAILED:
  use showHints=True to show helpful information
******************************


******************************
DYNAMIC SOLVER FAILED:
  use showHints=True to show helpful information
******************************


******************************
DYNAMIC SOLVER FAILED:
  use showHints=True to show helpful information
******************************


******************************
DYNAMIC SOLVER FAILED:
  use showHints=True to show helpful information
******************************


******************************
DYNAMIC SOLVER FAILED:
  use showHints=True to show helpful information
******************************


******************************
DYNAMIC SOLVER FAILED:
  use showHints=True to show helpful information
******************************


******************************
DYNAMIC SOLVER FAILED:
  use showHints=True to show helpful information
******************************


******************************
DYNAMIC SOLVER FAILED:
  use showHints=True to show helpful information
******************************


******************************
DYNAMIC SOLVER FAILED:
  use showHints=True to show helpful information
******************************


******************************
DYNAMIC SOLVER FAILED:
  use showHints=True to show helpful information
******************************


******************************
DYNAMIC SOLVER FAILED:
  use showHints=True to show helpful information
******************************


******************************
DYNAMIC SOLVER FAILED:
  use showHints=True to show helpful information
******************************


******************************
DYNAMIC SOLVER FAILED:
  use showHints=True to show helpful information
******************************


******************************
DYNAMIC SOLVER FAILED:
  use showHints=True to show helpful information
******************************


******************************
DYNAMIC SOLVER FAILED:
  use showHints=True to show helpful information
******************************


******************************
DYNAMIC SOLVER FAILED:
  use showHints=True to show helpful information
******************************


******************************
DYNAMIC SOLVER FAILED:
  use showHints=True to show helpful information
******************************


******************************
DYNAMIC SOLVER FAILED:
  use showHints=True to show helpful information
******************************


******************************
DYNAMIC SOLVER FAILED:
  use showHints=True to show helpful information
******************************


******************************
DYNAMIC SOLVER FAILED:
  use showHints=True to show helpful information
******************************


******************************
DYNAMIC SOLVER FAILED:
  use showHints=True to show helpful information
******************************


******************************
DYNAMIC SOLVER FAILED:
  use showHints=True to show helpful information
******************************


******************************
DYNAMIC SOLVER FAILED:
  use showHints=True to show helpful information
******************************


******************************
DYNAMIC SOLVER FAILED:
  use showHints=True to show helpful information
******************************


******************************
DYNAMIC SOLVER FAILED:
  use showHints=True to show helpful information
******************************


******************************
DYNAMIC SOLVER FAILED:
  use showHints=True to show helpful information
******************************


******************************
DYNAMIC SOLVER FAILED:
  use showHints=True to show helpful information
******************************


******************************
DYNAMIC SOLVER FAILED:
  use showHints=True to show helpful information
******************************


******************************
DYNAMIC SOLVER FAILED:
  use showHints=True to show helpful information
******************************


******************************
DYNAMIC SOLVER FAILED:
  use showHints=True to show helpful information
******************************


******************************
DYNAMIC SOLVER FAILED:
  use showHints=True to show helpful information
******************************


******************************
DYNAMIC SOLVER FAILED:
  use showHints=True to show helpful information
******************************


******************************
DYNAMIC SOLVER FAILED:
  use showHints=True to show helpful information
******************************


******************************
DYNAMIC SOLVER FAILED:
  use showHints=True to show helpful information
******************************


******************************
DYNAMIC SOLVER FAILED:
  use showHints=True to show helpful information
******************************


******************************
DYNAMIC SOLVER FAILED:
  use showHints=True to show helpful information
******************************


******************************
DYNAMIC SOLVER FAILED:
  use showHints=True to show helpful information
******************************


******************************
DYNAMIC SOLVER FAILED:
  use showHints=True to show helpful information
******************************


******************************
DYNAMIC SOLVER FAILED:
  use showHints=True to show helpful information
******************************


******************************
DYNAMIC SOLVER FAILED:
  use showHints=True to show helpful information
******************************


******************************
DYNAMIC SOLVER FAILED:
  use showHints=True to show helpful information
******************************


******************************
DYNAMIC SOLVER FAILED:
  use showHints=True to show helpful information
******************************


******************************
DYNAMIC SOLVER FAILED:
  use showHints=True to show helpful information
******************************


******************************
DYNAMIC SOLVER FAILED:
  use showHints=True to show helpful information
******************************


******************************
DYNAMIC SOLVER FAILED:
  use showHints=True to show helpful information
******************************


******************************
DYNAMIC SOLVER FAILED:
  use showHints=True to show helpful information
******************************


******************************
DYNAMIC SOLVER FAILED:
  use showHints=True to show helpful information
******************************


******************************
DYNAMIC SOLVER FAILED:
  use showHints=True to show helpful information
******************************


******************************
DYNAMIC SOLVER FAILED:
  use showHints=True to show helpful information
******************************


******************************
DYNAMIC SOLVER FAILED:
  use showHints=True to show helpful information
******************************


******************************
DYNAMIC SOLVER FAILED:
  use showHints=True to show helpful information
******************************


******************************
DYNAMIC SOLVER FAILED:
  use showHints=True to show helpful information
******************************


******************************
DYNAMIC SOLVER FAILED:
  use showHints=True to show helpful information
******************************


******************************
DYNAMIC SOLVER FAILED:
  use showHints=True to show helpful information
******************************


******************************
DYNAMIC SOLVER FAILED:
  use showHints=True to show helpful information
******************************


******************************
DYNAMIC SOLVER FAILED:
  use showHints=True to show helpful information
******************************


******************************
DYNAMIC SOLVER FAILED:
  use showHints=True to show helpful information
******************************


******************************
DYNAMIC SOLVER FAILED:
  use showHints=True to show helpful information
******************************


******************************
DYNAMIC SOLVER FAILED:
  use showHints=True to show helpful information
******************************


******************************
DYNAMIC SOLVER FAILED:
  use showHints=True to show helpful information
******************************


******************************
DYNAMIC SOLVER FAILED:
  use showHints=True to show helpful information
******************************


******************************
DYNAMIC SOLVER FAILED:
  use showHints=True to show helpful information
******************************


******************************
DYNAMIC SOLVER FAILED:
  use showHints=True to show helpful information
******************************


******************************
DYNAMIC SOLVER FAILED:
  use showHints=True to show helpful information
******************************


******************************
DYNAMIC SOLVER FAILED:
  use showHints=True to show helpful information
******************************


******************************
DYNAMIC SOLVER FAILED:
  use showHints=True to show helpful information
******************************


******************************
DYNAMIC SOLVER FAILED:
  use showHints=True to show helpful information
******************************


******************************
DYNAMIC SOLVER FAILED:
  use showHints=True to show helpful information
******************************


******************************
DYNAMIC SOLVER FAILED:
  use showHints=True to show helpful information
******************************


******************************
DYNAMIC SOLVER FAILED:
  use showHints=True to show helpful information
******************************


******************************
DYNAMIC SOLVER FAILED:
  use showHints=True to show helpful information
******************************


******************************
DYNAMIC SOLVER FAILED:
  use showHints=True to show helpful information
******************************


******************************
DYNAMIC SOLVER FAILED:
  use showHints=True to show helpful information
******************************


******************************
DYNAMIC SOLVER FAILED:
  use showHints=True to show helpful information
******************************


******************************
DYNAMIC SOLVER FAILED:
  use showHints=True to show helpful information
******************************


******************************
DYNAMIC SOLVER FAILED:
  use showHints=True to show helpful information
******************************


******************************
DYNAMIC SOLVER FAILED:
  use showHints=True to show helpful information
******************************


******************************
DYNAMIC SOLVER FAILED:
  use showHints=True to show helpful information
******************************


******************************
DYNAMIC SOLVER FAILED:
  use showHints=True to show helpful information
******************************


******************************
DYNAMIC SOLVER FAILED:
  use showHints=True to show helpful information
******************************


******************************
DYNAMIC SOLVER FAILED:
  use showHints=True to show helpful information
******************************


******************************
DYNAMIC SOLVER FAILED:
  use showHints=True to show helpful information
******************************


******************************
DYNAMIC SOLVER FAILED:
  use showHints=True to show helpful information
******************************


******************************
DYNAMIC SOLVER FAILED:
  use showHints=True to show helpful information
******************************


******************************
DYNAMIC SOLVER FAILED:
  use showHints=True to show helpful information
******************************


******************************
DYNAMIC SOLVER FAILED:
  use showHints=True to show helpful information
******************************


******************************
DYNAMIC SOLVER FAILED:
  use showHints=True to show helpful information
******************************


******************************
DYNAMIC SOLVER FAILED:
  use showHints=True to show helpful information
******************************


******************************
DYNAMIC SOLVER FAILED:
  use showHints=True to show helpful information
******************************


******************************
DYNAMIC SOLVER FAILED:
  use showHints=True to show helpful information
******************************


******************************
DYNAMIC SOLVER FAILED:
  use showHints=True to show helpful information
******************************


******************************
DYNAMIC SOLVER FAILED:
  use showHints=True to show helpful information
******************************


******************************
DYNAMIC SOLVER FAILED:
  use showHints=True to show helpful information
******************************


******************************
DYNAMIC SOLVER FAILED:
  use showHints=True to show helpful information
******************************


******************************
DYNAMIC SOLVER FAILED:
  use showHints=True to show helpful information
******************************


******************************
DYNAMIC SOLVER FAILED:
  use showHints=True to show helpful information
******************************


******************************
DYNAMIC SOLVER FAILED:
  use showHints=True to show helpful information
******************************


******************************
DYNAMIC SOLVER FAILED:
  use showHints=True to show helpful information
******************************


******************************
DYNAMIC SOLVER FAILED:
  use showHints=True to show helpful information
******************************


******************************
DYNAMIC SOLVER FAILED:
  use showHints=True to show helpful information
******************************


******************************
DYNAMIC SOLVER FAILED:
  use showHints=True to show helpful information
******************************


******************************
DYNAMIC SOLVER FAILED:
  use showHints=True to show helpful information
******************************


******************************
DYNAMIC SOLVER FAILED:
  use showHints=True to show helpful information
******************************


******************************
DYNAMIC SOLVER FAILED:
  use showHints=True to show helpful information
******************************


******************************
DYNAMIC SOLVER FAILED:
  use showHints=True to show helpful information
******************************


******************************
DYNAMIC SOLVER FAILED:
  use showHints=True to show helpful information
******************************


******************************
DYNAMIC SOLVER FAILED:
  use showHints=True to show helpful information
******************************


******************************
DYNAMIC SOLVER FAILED:
  use showHints=True to show helpful information
******************************


******************************
DYNAMIC SOLVER FAILED:
  use showHints=True to show helpful information
******************************


******************************
DYNAMIC SOLVER FAILED:
  use showHints=True to show helpful information
******************************


******************************
DYNAMIC SOLVER FAILED:
  use showHints=True to show helpful information
******************************


******************************
DYNAMIC SOLVER FAILED:
  use showHints=True to show helpful information
******************************


******************************
DYNAMIC SOLVER FAILED:
  use showHints=True to show helpful information
******************************


******************************
DYNAMIC SOLVER FAILED:
  use showHints=True to show helpful information
******************************


******************************
DYNAMIC SOLVER FAILED:
  use showHints=True to show helpful information
******************************


******************************
DYNAMIC SOLVER FAILED:
  use showHints=True to show helpful information
******************************


******************************
DYNAMIC SOLVER FAILED:
  use showHints=True to show helpful information
******************************


******************************
DYNAMIC SOLVER FAILED:
  use showHints=True to show helpful information
******************************


******************************
DYNAMIC SOLVER FAILED:
  use showHints=True to show helpful information
******************************


******************************
DYNAMIC SOLVER FAILED:
  use showHints=True to show helpful information
******************************


******************************
DYNAMIC SOLVER FAILED:
  use showHints=True to show helpful information
******************************


******************************
DYNAMIC SOLVER FAILED:
  use showHints=True to show helpful information
******************************


******************************
DYNAMIC SOLVER FAILED:
  use showHints=True to show helpful information
******************************


******************************
DYNAMIC SOLVER FAILED:
  use showHints=True to show helpful information
******************************


******************************
DYNAMIC SOLVER FAILED:
  use showHints=True to show helpful information
******************************


******************************
DYNAMIC SOLVER FAILED:
  use showHints=True to show helpful information
******************************


******************************
DYNAMIC SOLVER FAILED:
  use showHints=True to show helpful information
******************************


******************************
DYNAMIC SOLVER FAILED:
  use showHints=True to show helpful information
******************************


******************************
DYNAMIC SOLVER FAILED:
  use showHints=True to show helpful information
******************************


******************************
DYNAMIC SOLVER FAILED:
  use showHints=True to show helpful information
******************************


******************************
DYNAMIC SOLVER FAILED:
  use showHints=True to show helpful information
******************************


******************************
DYNAMIC SOLVER FAILED:
  use showHints=True to show helpful information
******************************


******************************
DYNAMIC SOLVER FAILED:
  use showHints=True to show helpful information
******************************


******************************
DYNAMIC SOLVER FAILED:
  use showHints=True to show helpful information
******************************


******************************
DYNAMIC SOLVER FAILED:
  use showHints=True to show helpful information
******************************


******************************
DYNAMIC SOLVER FAILED:
  use showHints=True to show helpful information
******************************


******************************
DYNAMIC SOLVER FAILED:
  use showHints=True to show helpful information
******************************


******************************
DYNAMIC SOLVER FAILED:
  use showHints=True to show helpful information
******************************


******************************
DYNAMIC SOLVER FAILED:
  use showHints=True to show helpful information
******************************


******************************
DYNAMIC SOLVER FAILED:
  use showHints=True to show helpful information
******************************


******************************
DYNAMIC SOLVER FAILED:
  use showHints=True to show helpful information
******************************


******************************
DYNAMIC SOLVER FAILED:
  use showHints=True to show helpful information
******************************


******************************
DYNAMIC SOLVER FAILED:
  use showHints=True to show helpful information
******************************


******************************
DYNAMIC SOLVER FAILED:
  use showHints=True to show helpful information
******************************


******************************
DYNAMIC SOLVER FAILED:
  use showHints=True to show helpful information
******************************


******************************
DYNAMIC SOLVER FAILED:
  use showHints=True to show helpful information
******************************


******************************
DYNAMIC SOLVER FAILED:
  use showHints=True to show helpful information
******************************


******************************
DYNAMIC SOLVER FAILED:
  use showHints=True to show helpful information
******************************


******************************
DYNAMIC SOLVER FAILED:
  use showHints=True to show helpful information
******************************


******************************
DYNAMIC SOLVER FAILED:
  use showHints=True to show helpful information
******************************


******************************
DYNAMIC SOLVER FAILED:
  use showHints=True to show helpful information
******************************


******************************
DYNAMIC SOLVER FAILED:
  use showHints=True to show helpful information
******************************


******************************
DYNAMIC SOLVER FAILED:
  use showHints=True to show helpful information
******************************


******************************
DYNAMIC SOLVER FAILED:
  use showHints=True to show helpful information
******************************


******************************
DYNAMIC SOLVER FAILED:
  use showHints=True to show helpful information
******************************


******************************
DYNAMIC SOLVER FAILED:
  use showHints=True to show helpful information
******************************


******************************
DYNAMIC SOLVER FAILED:
  use showHints=True to show helpful information
******************************


******************************
DYNAMIC SOLVER FAILED:
  use showHints=True to show helpful information
******************************


******************************
DYNAMIC SOLVER FAILED:
  use showHints=True to show helpful information
******************************


******************************
DYNAMIC SOLVER FAILED:
  use showHints=True to show helpful information
******************************


******************************
DYNAMIC SOLVER FAILED:
  use showHints=True to show helpful information
******************************


******************************
DYNAMIC SOLVER FAILED:
  use showHints=True to show helpful information
******************************


******************************
DYNAMIC SOLVER FAILED:
  use showHints=True to show helpful information
******************************


******************************
DYNAMIC SOLVER FAILED:
  use showHints=True to show helpful information
******************************


******************************
DYNAMIC SOLVER FAILED:
  use showHints=True to show helpful information
******************************


******************************
DYNAMIC SOLVER FAILED:
  use showHints=True to show helpful information
******************************


******************************
DYNAMIC SOLVER FAILED:
  use showHints=True to show helpful information
******************************


******************************
DYNAMIC SOLVER FAILED:
  use showHints=True to show helpful information
******************************


******************************
DYNAMIC SOLVER FAILED:
  use showHints=True to show helpful information
******************************


******************************
DYNAMIC SOLVER FAILED:
  use showHints=True to show helpful information
******************************


******************************
DYNAMIC SOLVER FAILED:
  use showHints=True to show helpful information
******************************


******************************
DYNAMIC SOLVER FAILED:
  use showHints=True to show helpful information
******************************


******************************
DYNAMIC SOLVER FAILED:
  use showHints=True to show helpful information
******************************


******************************
DYNAMIC SOLVER FAILED:
  use showHints=True to show helpful information
******************************


******************************
DYNAMIC SOLVER FAILED:
  use showHints=True to show helpful information
******************************


******************************
DYNAMIC SOLVER FAILED:
  use showHints=True to show helpful information
******************************


******************************
DYNAMIC SOLVER FAILED:
  use showHints=True to show helpful information
******************************


******************************
DYNAMIC SOLVER FAILED:
  use showHints=True to show helpful information
******************************


******************************
DYNAMIC SOLVER FAILED:
  use showHints=True to show helpful information
******************************


******************************
DYNAMIC SOLVER FAILED:
  use showHints=True to show helpful information
******************************


******************************
DYNAMIC SOLVER FAILED:
  use showHints=True to show helpful information
******************************


******************************
DYNAMIC SOLVER FAILED:
  use showHints=True to show helpful information
******************************


******************************
DYNAMIC SOLVER FAILED:
  use showHints=True to show helpful information
******************************


******************************
DYNAMIC SOLVER FAILED:
  use showHints=True to show helpful information
******************************


******************************
DYNAMIC SOLVER FAILED:
  use showHints=True to show helpful information
******************************


******************************
DYNAMIC SOLVER FAILED:
  use showHints=True to show helpful information
******************************


******************************
DYNAMIC SOLVER FAILED:
  use showHints=True to show helpful information
******************************


******************************
DYNAMIC SOLVER FAILED:
  use showHints=True to show helpful information
******************************


******************************
DYNAMIC SOLVER FAILED:
  use showHints=True to show helpful information
******************************


******************************
DYNAMIC SOLVER FAILED:
  use showHints=True to show helpful information
******************************


******************************
DYNAMIC SOLVER FAILED:
  use showHints=True to show helpful information
******************************


******************************
DYNAMIC SOLVER FAILED:
  use showHints=True to show helpful information
******************************


******************************
DYNAMIC SOLVER FAILED:
  use showHints=True to show helpful information
******************************


******************************
DYNAMIC SOLVER FAILED:
  use showHints=True to show helpful information
******************************


******************************
DYNAMIC SOLVER FAILED:
  use showHints=True to show helpful information
******************************


******************************
DYNAMIC SOLVER FAILED:
  use showHints=True to show helpful information
******************************


******************************
DYNAMIC SOLVER FAILED:
  use showHints=True to show helpful information
******************************


******************************
DYNAMIC SOLVER FAILED:
  use showHints=True to show helpful information
******************************


******************************
DYNAMIC SOLVER FAILED:
  use showHints=True to show helpful information
******************************


******************************
DYNAMIC SOLVER FAILED:
  use showHints=True to show helpful information
******************************


******************************
DYNAMIC SOLVER FAILED:
  use showHints=True to show helpful information
******************************


******************************
DYNAMIC SOLVER FAILED:
  use showHints=True to show helpful information
******************************


******************************
DYNAMIC SOLVER FAILED:
  use showHints=True to show helpful information
******************************


******************************
DYNAMIC SOLVER FAILED:
  use showHints=True to show helpful information
******************************


******************************
DYNAMIC SOLVER FAILED:
  use showHints=True to show helpful information
******************************


******************************
DYNAMIC SOLVER FAILED:
  use showHints=True to show helpful information
******************************


******************************
DYNAMIC SOLVER FAILED:
  use showHints=True to show helpful information
******************************


******************************
DYNAMIC SOLVER FAILED:
  use showHints=True to show helpful information
******************************


******************************
DYNAMIC SOLVER FAILED:
  use showHints=True to show helpful information
******************************


******************************
DYNAMIC SOLVER FAILED:
  use showHints=True to show helpful information
******************************


******************************
DYNAMIC SOLVER FAILED:
  use showHints=True to show helpful information
******************************


******************************
DYNAMIC SOLVER FAILED:
  use showHints=True to show helpful information
******************************


******************************
DYNAMIC SOLVER FAILED:
  use showHints=True to show helpful information
******************************


******************************
DYNAMIC SOLVER FAILED:
  use showHints=True to show helpful information
******************************


******************************
DYNAMIC SOLVER FAILED:
  use showHints=True to show helpful information
******************************


******************************
DYNAMIC SOLVER FAILED:
  use showHints=True to show helpful information
******************************


******************************
DYNAMIC SOLVER FAILED:
  use showHints=True to show helpful information
******************************


******************************
DYNAMIC SOLVER FAILED:
  use showHints=True to show helpful information
******************************


******************************
DYNAMIC SOLVER FAILED:
  use showHints=True to show helpful information
******************************


******************************
DYNAMIC SOLVER FAILED:
  use showHints=True to show helpful information
******************************


******************************
DYNAMIC SOLVER FAILED:
  use showHints=True to show helpful information
******************************


******************************
DYNAMIC SOLVER FAILED:
  use showHints=True to show helpful information
******************************


******************************
DYNAMIC SOLVER FAILED:
  use showHints=True to show helpful information
******************************


******************************
DYNAMIC SOLVER FAILED:
  use showHints=True to show helpful information
******************************


******************************
DYNAMIC SOLVER FAILED:
  use showHints=True to show helpful information
******************************


******************************
DYNAMIC SOLVER FAILED:
  use showHints=True to show helpful information
******************************


******************************
DYNAMIC SOLVER FAILED:
  use showHints=True to show helpful information
******************************


******************************
DYNAMIC SOLVER FAILED:
  use showHints=True to show helpful information
******************************


******************************
DYNAMIC SOLVER FAILED:
  use showHints=True to show helpful information
******************************


******************************
DYNAMIC SOLVER FAILED:
  use showHints=True to show helpful information
******************************


******************************
DYNAMIC SOLVER FAILED:
  use showHints=True to show helpful information
******************************


******************************
DYNAMIC SOLVER FAILED:
  use showHints=True to show helpful information
******************************


******************************
DYNAMIC SOLVER FAILED:
  use showHints=True to show helpful information
******************************


******************************
DYNAMIC SOLVER FAILED:
  use showHints=True to show helpful information
******************************


******************************
DYNAMIC SOLVER FAILED:
  use showHints=True to show helpful information
******************************


******************************
DYNAMIC SOLVER FAILED:
  use showHints=True to show helpful information
******************************


******************************
DYNAMIC SOLVER FAILED:
  use showHints=True to show helpful information
******************************


******************************
DYNAMIC SOLVER FAILED:
  use showHints=True to show helpful information
******************************


******************************
DYNAMIC SOLVER FAILED:
  use showHints=True to show helpful information
******************************


******************************
DYNAMIC SOLVER FAILED:
  use showHints=True to show helpful information
******************************


******************************
DYNAMIC SOLVER FAILED:
  use showHints=True to show helpful information
******************************


******************************
DYNAMIC SOLVER FAILED:
  use showHints=True to show helpful information
******************************


******************************
DYNAMIC SOLVER FAILED:
  use showHints=True to show helpful information
******************************


******************************
DYNAMIC SOLVER FAILED:
  use showHints=True to show helpful information
******************************


******************************
DYNAMIC SOLVER FAILED:
  use showHints=True to show helpful information
******************************


******************************
DYNAMIC SOLVER FAILED:
  use showHints=True to show helpful information
******************************


******************************
DYNAMIC SOLVER FAILED:
  use showHints=True to show helpful information
******************************


******************************
DYNAMIC SOLVER FAILED:
  use showHints=True to show helpful information
******************************


******************************
DYNAMIC SOLVER FAILED:
  use showHints=True to show helpful information
******************************


******************************
DYNAMIC SOLVER FAILED:
  use showHints=True to show helpful information
******************************


******************************
DYNAMIC SOLVER FAILED:
  use showHints=True to show helpful information
******************************


******************************
DYNAMIC SOLVER FAILED:
  use showHints=True to show helpful information
******************************


******************************
DYNAMIC SOLVER FAILED:
  use showHints=True to show helpful information
******************************


******************************
DYNAMIC SOLVER FAILED:
  use showHints=True to show helpful information
******************************


******************************
DYNAMIC SOLVER FAILED:
  use showHints=True to show helpful information
******************************


******************************
DYNAMIC SOLVER FAILED:
  use showHints=True to show helpful information
******************************


******************************
DYNAMIC SOLVER FAILED:
  use showHints=True to show helpful information
******************************


******************************
DYNAMIC SOLVER FAILED:
  use showHints=True to show helpful information
******************************


******************************
DYNAMIC SOLVER FAILED:
  use showHints=True to show helpful information
******************************


******************************
DYNAMIC SOLVER FAILED:
  use showHints=True to show helpful information
******************************


******************************
DYNAMIC SOLVER FAILED:
  use showHints=True to show helpful information
******************************


******************************
DYNAMIC SOLVER FAILED:
  use showHints=True to show helpful information
******************************


******************************
DYNAMIC SOLVER FAILED:
  use showHints=True to show helpful information
******************************


******************************
DYNAMIC SOLVER FAILED:
  use showHints=True to show helpful information
******************************


******************************
DYNAMIC SOLVER FAILED:
  use showHints=True to show helpful information
******************************


******************************
DYNAMIC SOLVER FAILED:
  use showHints=True to show helpful information
******************************


******************************
DYNAMIC SOLVER FAILED:
  use showHints=True to show helpful information
******************************


******************************
DYNAMIC SOLVER FAILED:
  use showHints=True to show helpful information
******************************


******************************
DYNAMIC SOLVER FAILED:
  use showHints=True to show helpful information
******************************


******************************
DYNAMIC SOLVER FAILED:
  use showHints=True to show helpful information
******************************


******************************
DYNAMIC SOLVER FAILED:
  use showHints=True to show helpful information
******************************


******************************
DYNAMIC SOLVER FAILED:
  use showHints=True to show helpful information
******************************


******************************
DYNAMIC SOLVER FAILED:
  use showHints=True to show helpful information
******************************


******************************
DYNAMIC SOLVER FAILED:
  use showHints=True to show helpful information
******************************


******************************
DYNAMIC SOLVER FAILED:
  use showHints=True to show helpful information
******************************


******************************
DYNAMIC SOLVER FAILED:
  use showHints=True to show helpful information
******************************


******************************
DYNAMIC SOLVER FAILED:
  use showHints=True to show helpful information
******************************


******************************
DYNAMIC SOLVER FAILED:
  use showHints=True to show helpful information
******************************


******************************
DYNAMIC SOLVER FAILED:
  use showHints=True to show helpful information
******************************


******************************
DYNAMIC SOLVER FAILED:
  use showHints=True to show helpful information
******************************


******************************
DYNAMIC SOLVER FAILED:
  use showHints=True to show helpful information
******************************


******************************
DYNAMIC SOLVER FAILED:
  use showHints=True to show helpful information
******************************


******************************
DYNAMIC SOLVER FAILED:
  use showHints=True to show helpful information
******************************


******************************
DYNAMIC SOLVER FAILED:
  use showHints=True to show helpful information
******************************


******************************
DYNAMIC SOLVER FAILED:
  use showHints=True to show helpful information
******************************


******************************
DYNAMIC SOLVER FAILED:
  use showHints=True to show helpful information
******************************


******************************
DYNAMIC SOLVER FAILED:
  use showHints=True to show helpful information
******************************


******************************
DYNAMIC SOLVER FAILED:
  use showHints=True to show helpful information
******************************


******************************
DYNAMIC SOLVER FAILED:
  use showHints=True to show helpful information
******************************


******************************
DYNAMIC SOLVER FAILED:
  use showHints=True to show helpful information
******************************


******************************
DYNAMIC SOLVER FAILED:
  use showHints=True to show helpful information
******************************


******************************
DYNAMIC SOLVER FAILED:
  use showHints=True to show helpful information
******************************


******************************
DYNAMIC SOLVER FAILED:
  use showHints=True to show helpful information
******************************


******************************
DYNAMIC SOLVER FAILED:
  use showHints=True to show helpful information
******************************


******************************
DYNAMIC SOLVER FAILED:
  use showHints=True to show helpful information
******************************


******************************
DYNAMIC SOLVER FAILED:
  use showHints=True to show helpful information
******************************


******************************
DYNAMIC SOLVER FAILED:
  use showHints=True to show helpful information
******************************


******************************
DYNAMIC SOLVER FAILED:
  use showHints=True to show helpful information
******************************


******************************
DYNAMIC SOLVER FAILED:
  use showHints=True to show helpful information
******************************


******************************
DYNAMIC SOLVER FAILED:
  use showHints=True to show helpful information
******************************


******************************
DYNAMIC SOLVER FAILED:
  use showHints=True to show helpful information
******************************


******************************
DYNAMIC SOLVER FAILED:
  use showHints=True to show helpful information
******************************


******************************
DYNAMIC SOLVER FAILED:
  use showHints=True to show helpful information
******************************


******************************
DYNAMIC SOLVER FAILED:
  use showHints=True to show helpful information
******************************


******************************
DYNAMIC SOLVER FAILED:
  use showHints=True to show helpful information
******************************


******************************
DYNAMIC SOLVER FAILED:
  use showHints=True to show helpful information
******************************


******************************
DYNAMIC SOLVER FAILED:
  use showHints=True to show helpful information
******************************


******************************
DYNAMIC SOLVER FAILED:
  use showHints=True to show helpful information
******************************


******************************
DYNAMIC SOLVER FAILED:
  use showHints=True to show helpful information
******************************


******************************
DYNAMIC SOLVER FAILED:
  use showHints=True to show helpful information
******************************


******************************
DYNAMIC SOLVER FAILED:
  use showHints=True to show helpful information
******************************


******************************
DYNAMIC SOLVER FAILED:
  use showHints=True to show helpful information
******************************


******************************
DYNAMIC SOLVER FAILED:
  use showHints=True to show helpful information
******************************


******************************
DYNAMIC SOLVER FAILED:
  use showHints=True to show helpful information
******************************


******************************
DYNAMIC SOLVER FAILED:
  use showHints=True to show helpful information
******************************


******************************
DYNAMIC SOLVER FAILED:
  use showHints=True to show helpful information
******************************


******************************
DYNAMIC SOLVER FAILED:
  use showHints=True to show helpful information
******************************


******************************
DYNAMIC SOLVER FAILED:
  use showHints=True to show helpful information
******************************


******************************
DYNAMIC SOLVER FAILED:
  use showHints=True to show helpful information
******************************


******************************
DYNAMIC SOLVER FAILED:
  use showHints=True to show helpful information
******************************


******************************
DYNAMIC SOLVER FAILED:
  use showHints=True to show helpful information
******************************


******************************
DYNAMIC SOLVER FAILED:
  use showHints=True to show helpful information
******************************


******************************
DYNAMIC SOLVER FAILED:
  use showHints=True to show helpful information
******************************


******************************
DYNAMIC SOLVER FAILED:
  use showHints=True to show helpful information
******************************


******************************
DYNAMIC SOLVER FAILED:
  use showHints=True to show helpful information
******************************


******************************
DYNAMIC SOLVER FAILED:
  use showHints=True to show helpful information
******************************


******************************
DYNAMIC SOLVER FAILED:
  use showHints=True to show helpful information
******************************


******************************
DYNAMIC SOLVER FAILED:
  use showHints=True to show helpful information
******************************


******************************
DYNAMIC SOLVER FAILED:
  use showHints=True to show helpful information
******************************


******************************
DYNAMIC SOLVER FAILED:
  use showHints=True to show helpful information
******************************


******************************
DYNAMIC SOLVER FAILED:
  use showHints=True to show helpful information
******************************


******************************
DYNAMIC SOLVER FAILED:
  use showHints=True to show helpful information
******************************


******************************
DYNAMIC SOLVER FAILED:
  use showHints=True to show helpful information
******************************


******************************
DYNAMIC SOLVER FAILED:
  use showHints=True to show helpful information
******************************


******************************
DYNAMIC SOLVER FAILED:
  use showHints=True to show helpful information
******************************


******************************
DYNAMIC SOLVER FAILED:
  use showHints=True to show helpful information
******************************


******************************
DYNAMIC SOLVER FAILED:
  use showHints=True to show helpful information
******************************


******************************
DYNAMIC SOLVER FAILED:
  use showHints=True to show helpful information
******************************


******************************
DYNAMIC SOLVER FAILED:
  use showHints=True to show helpful information
******************************


******************************
DYNAMIC SOLVER FAILED:
  use showHints=True to show helpful information
******************************


******************************
DYNAMIC SOLVER FAILED:
  use showHints=True to show helpful information
******************************


******************************
DYNAMIC SOLVER FAILED:
  use showHints=True to show helpful information
******************************


******************************
DYNAMIC SOLVER FAILED:
  use showHints=True to show helpful information
******************************


******************************
DYNAMIC SOLVER FAILED:
  use showHints=True to show helpful information
******************************


******************************
DYNAMIC SOLVER FAILED:
  use showHints=True to show helpful information
******************************


******************************
DYNAMIC SOLVER FAILED:
  use showHints=True to show helpful information
******************************


******************************
DYNAMIC SOLVER FAILED:
  use showHints=True to show helpful information
******************************


******************************
DYNAMIC SOLVER FAILED:
  use showHints=True to show helpful information
******************************


******************************
DYNAMIC SOLVER FAILED:
  use showHints=True to show helpful information
******************************


******************************
DYNAMIC SOLVER FAILED:
  use showHints=True to show helpful information
******************************


******************************
DYNAMIC SOLVER FAILED:
  use showHints=True to show helpful information
******************************


******************************
DYNAMIC SOLVER FAILED:
  use showHints=True to show helpful information
******************************


******************************
DYNAMIC SOLVER FAILED:
  use showHints=True to show helpful information
******************************


******************************
DYNAMIC SOLVER FAILED:
  use showHints=True to show helpful information
******************************


******************************
DYNAMIC SOLVER FAILED:
  use showHints=True to show helpful information
******************************

[turf2.0] 完成 (907s)
[turf2.0] → outputs/v25_skid_e18b/e18b_turf2.0.json
  臂           2.0   2.4   3.0   3.6   4.4   5.4   6.6   8.1   9.9  12.1  14.7  18.0  22.0  26.8  32.8  40.0
  bio           0     0     0     0     0     0     1     2     4     4    10    15    16     9     5     2
  geo           0     0     0     0     0     0     0     1     2     4     8    15    10    10     5     3
  elastic       0     0     0     0     0     0     0     0     1     4     8    10     6     4     4     2
  none          0     0     0     0     0     0     1     0     0     1     1     0     0     0     0     0

[wetsand2.0] 4臂 × 9u × 16级 × 48探针 = 27648 次评价

******************************
DYNAMIC SOLVER FAILED:
  use showHints=True to show helpful information
******************************


******************************
DYNAMIC SOLVER FAILED:
  use showHints=True to show helpful information
******************************


******************************
DYNAMIC SOLVER FAILED:
  use showHints=True to show helpful information
******************************


******************************
DYNAMIC SOLVER FAILED:
  use showHints=True to show helpful information
******************************


******************************
DYNAMIC SOLVER FAILED:
  use showHints=True to show helpful information
******************************


******************************
DYNAMIC SOLVER FAILED:
  use showHints=True to show helpful information
******************************


******************************
DYNAMIC SOLVER FAILED:
  use showHints=True to show helpful information
******************************


******************************
DYNAMIC SOLVER FAILED:
  use showHints=True to show helpful information
******************************


******************************
DYNAMIC SOLVER FAILED:
  use showHints=True to show helpful information
******************************


******************************
DYNAMIC SOLVER FAILED:
  use showHints=True to show helpful information
******************************


******************************
DYNAMIC SOLVER FAILED:
  use showHints=True to show helpful information
******************************


******************************
DYNAMIC SOLVER FAILED:
  use showHints=True to show helpful information
******************************


******************************
DYNAMIC SOLVER FAILED:
  use showHints=True to show helpful information
******************************


******************************
DYNAMIC SOLVER FAILED:
  use showHints=True to show helpful information
******************************


******************************
DYNAMIC SOLVER FAILED:
  use showHints=True to show helpful information
******************************


******************************
DYNAMIC SOLVER FAILED:
  use showHints=True to show helpful information
******************************


******************************
DYNAMIC SOLVER FAILED:
  use showHints=True to show helpful information
******************************


******************************
DYNAMIC SOLVER FAILED:
  use showHints=True to show helpful information
******************************


******************************
DYNAMIC SOLVER FAILED:
  use showHints=True to show helpful information
******************************


******************************
DYNAMIC SOLVER FAILED:
  use showHints=True to show helpful information
******************************


******************************
DYNAMIC SOLVER FAILED:
  use showHints=True to show helpful information
******************************


******************************
DYNAMIC SOLVER FAILED:
  use showHints=True to show helpful information
******************************


******************************
DYNAMIC SOLVER FAILED:
  use showHints=True to show helpful information
******************************


******************************
DYNAMIC SOLVER FAILED:
  use showHints=True to show helpful information
******************************


******************************
DYNAMIC SOLVER FAILED:
  use showHints=True to show helpful information
******************************


******************************
DYNAMIC SOLVER FAILED:
  use showHints=True to show helpful information
******************************


******************************
DYNAMIC SOLVER FAILED:
  use showHints=True to show helpful information
******************************


******************************
DYNAMIC SOLVER FAILED:
  use showHints=True to show helpful information
******************************


******************************
DYNAMIC SOLVER FAILED:
  use showHints=True to show helpful information
******************************


******************************
DYNAMIC SOLVER FAILED:
  use showHints=True to show helpful information
******************************


******************************
DYNAMIC SOLVER FAILED:
  use showHints=True to show helpful information
******************************


******************************
DYNAMIC SOLVER FAILED:
  use showHints=True to show helpful information
******************************


******************************
DYNAMIC SOLVER FAILED:
  use showHints=True to show helpful information
******************************


******************************
DYNAMIC SOLVER FAILED:
  use showHints=True to show helpful information
******************************


******************************
DYNAMIC SOLVER FAILED:
  use showHints=True to show helpful information
******************************


******************************
DYNAMIC SOLVER FAILED:
  use showHints=True to show helpful information
******************************


******************************
DYNAMIC SOLVER FAILED:
  use showHints=True to show helpful information
******************************


******************************
DYNAMIC SOLVER FAILED:
  use showHints=True to show helpful information
******************************


******************************
DYNAMIC SOLVER FAILED:
  use showHints=True to show helpful information
******************************


******************************
DYNAMIC SOLVER FAILED:
  use showHints=True to show helpful information
******************************


******************************
DYNAMIC SOLVER FAILED:
  use showHints=True to show helpful information
******************************


******************************
DYNAMIC SOLVER FAILED:
  use showHints=True to show helpful information
******************************


******************************
DYNAMIC SOLVER FAILED:
  use showHints=True to show helpful information
******************************


******************************
DYNAMIC SOLVER FAILED:
  use showHints=True to show helpful information
******************************


******************************
DYNAMIC SOLVER FAILED:
  use showHints=True to show helpful information
******************************


******************************
DYNAMIC SOLVER FAILED:
  use showHints=True to show helpful information
******************************


******************************
DYNAMIC SOLVER FAILED:
  use showHints=True to show helpful information
******************************


******************************
DYNAMIC SOLVER FAILED:
  use showHints=True to show helpful information
******************************


******************************
DYNAMIC SOLVER FAILED:
  use showHints=True to show helpful information
******************************


******************************
DYNAMIC SOLVER FAILED:
  use showHints=True to show helpful information
******************************


******************************
DYNAMIC SOLVER FAILED:
  use showHints=True to show helpful information
******************************


******************************
DYNAMIC SOLVER FAILED:
  use showHints=True to show helpful information
******************************


******************************
DYNAMIC SOLVER FAILED:
  use showHints=True to show helpful information
******************************


******************************
DYNAMIC SOLVER FAILED:
  use showHints=True to show helpful information
******************************


******************************
DYNAMIC SOLVER FAILED:
  use showHints=True to show helpful information
******************************


******************************
DYNAMIC SOLVER FAILED:
  use showHints=True to show helpful information
******************************


******************************
DYNAMIC SOLVER FAILED:
  use showHints=True to show helpful information
******************************


******************************
DYNAMIC SOLVER FAILED:
  use showHints=True to show helpful information
******************************


******************************
DYNAMIC SOLVER FAILED:
  use showHints=True to show helpful information
******************************


******************************
DYNAMIC SOLVER FAILED:
  use showHints=True to show helpful information
******************************


******************************
DYNAMIC SOLVER FAILED:
  use showHints=True to show helpful information
******************************


******************************
DYNAMIC SOLVER FAILED:
  use showHints=True to show helpful information
******************************


******************************
DYNAMIC SOLVER FAILED:
  use showHints=True to show helpful information
******************************


******************************
DYNAMIC SOLVER FAILED:
  use showHints=True to show helpful information
******************************


******************************
DYNAMIC SOLVER FAILED:
  use showHints=True to show helpful information
******************************


******************************
DYNAMIC SOLVER FAILED:
  use showHints=True to show helpful information
******************************


******************************
DYNAMIC SOLVER FAILED:
  use showHints=True to show helpful information
******************************


******************************
DYNAMIC SOLVER FAILED:
  use showHints=True to show helpful information
******************************


******************************
DYNAMIC SOLVER FAILED:
  use showHints=True to show helpful information
******************************


******************************
DYNAMIC SOLVER FAILED:
  use showHints=True to show helpful information
******************************


******************************
DYNAMIC SOLVER FAILED:
  use showHints=True to show helpful information
******************************


******************************
DYNAMIC SOLVER FAILED:
  use showHints=True to show helpful information
******************************


******************************
DYNAMIC SOLVER FAILED:
  use showHints=True to show helpful information
******************************


******************************
DYNAMIC SOLVER FAILED:
  use showHints=True to show helpful information
******************************


******************************
DYNAMIC SOLVER FAILED:
  use showHints=True to show helpful information
******************************


******************************
DYNAMIC SOLVER FAILED:
  use showHints=True to show helpful information
******************************


******************************
DYNAMIC SOLVER FAILED:
  use showHints=True to show helpful information
******************************


******************************
DYNAMIC SOLVER FAILED:
  use showHints=True to show helpful information
******************************


******************************
DYNAMIC SOLVER FAILED:
  use showHints=True to show helpful information
******************************


******************************
DYNAMIC SOLVER FAILED:
  use showHints=True to show helpful information
******************************


******************************
DYNAMIC SOLVER FAILED:
  use showHints=True to show helpful information
******************************


******************************
DYNAMIC SOLVER FAILED:
  use showHints=True to show helpful information
******************************


******************************
DYNAMIC SOLVER FAILED:
  use showHints=True to show helpful information
******************************


******************************
DYNAMIC SOLVER FAILED:
  use showHints=True to show helpful information
******************************


******************************
DYNAMIC SOLVER FAILED:
  use showHints=True to show helpful information
******************************


******************************
DYNAMIC SOLVER FAILED:
  use showHints=True to show helpful information
******************************


******************************
DYNAMIC SOLVER FAILED:
  use showHints=True to show helpful information
******************************


******************************
DYNAMIC SOLVER FAILED:
  use showHints=True to show helpful information
******************************


******************************
DYNAMIC SOLVER FAILED:
  use showHints=True to show helpful information
******************************


******************************
DYNAMIC SOLVER FAILED:
  use showHints=True to show helpful information
******************************


******************************
DYNAMIC SOLVER FAILED:
  use showHints=True to show helpful information
******************************


******************************
DYNAMIC SOLVER FAILED:
  use showHints=True to show helpful information
******************************


******************************
DYNAMIC SOLVER FAILED:
  use showHints=True to show helpful information
******************************


******************************
DYNAMIC SOLVER FAILED:
  use showHints=True to show helpful information
******************************


******************************
DYNAMIC SOLVER FAILED:
  use showHints=True to show helpful information
******************************


******************************
DYNAMIC SOLVER FAILED:
  use showHints=True to show helpful information
******************************


******************************
DYNAMIC SOLVER FAILED:
  use showHints=True to show helpful information
******************************


******************************
DYNAMIC SOLVER FAILED:
  use showHints=True to show helpful information
******************************


******************************
DYNAMIC SOLVER FAILED:
  use showHints=True to show helpful information
******************************


******************************
DYNAMIC SOLVER FAILED:
  use showHints=True to show helpful information
******************************


******************************
DYNAMIC SOLVER FAILED:
  use showHints=True to show helpful information
******************************


******************************
DYNAMIC SOLVER FAILED:
  use showHints=True to show helpful information
******************************


******************************
DYNAMIC SOLVER FAILED:
  use showHints=True to show helpful information
******************************


******************************
DYNAMIC SOLVER FAILED:
  use showHints=True to show helpful information
******************************


******************************
DYNAMIC SOLVER FAILED:
  use showHints=True to show helpful information
******************************


******************************
DYNAMIC SOLVER FAILED:
  use showHints=True to show helpful information
******************************


******************************
DYNAMIC SOLVER FAILED:
  use showHints=True to show helpful information
******************************


******************************
DYNAMIC SOLVER FAILED:
  use showHints=True to show helpful information
******************************


******************************
DYNAMIC SOLVER FAILED:
  use showHints=True to show helpful information
******************************


******************************
DYNAMIC SOLVER FAILED:
  use showHints=True to show helpful information
******************************


******************************
DYNAMIC SOLVER FAILED:
  use showHints=True to show helpful information
******************************


******************************
DYNAMIC SOLVER FAILED:
  use showHints=True to show helpful information
******************************


******************************
DYNAMIC SOLVER FAILED:
  use showHints=True to show helpful information
******************************


******************************
DYNAMIC SOLVER FAILED:
  use showHints=True to show helpful information
******************************


******************************
DYNAMIC SOLVER FAILED:
  use showHints=True to show helpful information
******************************


******************************
DYNAMIC SOLVER FAILED:
  use showHints=True to show helpful information
******************************


******************************
DYNAMIC SOLVER FAILED:
  use showHints=True to show helpful information
******************************


******************************
DYNAMIC SOLVER FAILED:
  use showHints=True to show helpful information
******************************


******************************
DYNAMIC SOLVER FAILED:
  use showHints=True to show helpful information
******************************


******************************
DYNAMIC SOLVER FAILED:
  use showHints=True to show helpful information
******************************


******************************
DYNAMIC SOLVER FAILED:
  use showHints=True to show helpful information
******************************


******************************
DYNAMIC SOLVER FAILED:
  use showHints=True to show helpful information
******************************


******************************
DYNAMIC SOLVER FAILED:
  use showHints=True to show helpful information
******************************


******************************
DYNAMIC SOLVER FAILED:
  use showHints=True to show helpful information
******************************


******************************
DYNAMIC SOLVER FAILED:
  use showHints=True to show helpful information
******************************


******************************
DYNAMIC SOLVER FAILED:
  use showHints=True to show helpful information
******************************


******************************
DYNAMIC SOLVER FAILED:
  use showHints=True to show helpful information
******************************


******************************
DYNAMIC SOLVER FAILED:
  use showHints=True to show helpful information
******************************


******************************
DYNAMIC SOLVER FAILED:
  use showHints=True to show helpful information
******************************


******************************
DYNAMIC SOLVER FAILED:
  use showHints=True to show helpful information
******************************


******************************
DYNAMIC SOLVER FAILED:
  use showHints=True to show helpful information
******************************


******************************
DYNAMIC SOLVER FAILED:
  use showHints=True to show helpful information
******************************


******************************
DYNAMIC SOLVER FAILED:
  use showHints=True to show helpful information
******************************


******************************
DYNAMIC SOLVER FAILED:
  use showHints=True to show helpful information
******************************


******************************
DYNAMIC SOLVER FAILED:
  use showHints=True to show helpful information
******************************


******************************
DYNAMIC SOLVER FAILED:
  use showHints=True to show helpful information
******************************


******************************
DYNAMIC SOLVER FAILED:
  use showHints=True to show helpful information
******************************


******************************
DYNAMIC SOLVER FAILED:
  use showHints=True to show helpful information
******************************


******************************
DYNAMIC SOLVER FAILED:
  use showHints=True to show helpful information
******************************

[wetsand2.0] 完成 (769s)
[wetsand2.0] → outputs/v25_skid_e18b/e18b_wetsand2.0.json
  臂           2.0   2.4   3.0   3.6   4.4   5.4   6.6   8.1   9.9  12.1  14.7  18.0  22.0  26.8  32.8  40.0
  bio           0     0     1     1     4     8    12    23    33    32    27    22    14     9     5     0
  geo           0     0     1     2     3     6    12    20    28    26    20    17    11     7     2     1
  elastic       0     0     0     1     3     8    11    16    22    20    14    10     5     0     0     0
  none          0     0     0     1     3     3     6     6     5     1     0     0     0     0     0     0

[e18b] 全部完成 → outputs/v25_skid_e18b
退出码 0
[累计 819 分钟]

=========== 6b/6 · E20 生成走廊 ===========
[e20_gen_corridor.py] v21 物理 = True  足端 = bearing
[e20] 1 臂 × 6 工况 × 16+3 级 × 216 = 24624 次评价/臂

Traceback (most recent call last):
  File "/mnt/zihanw/FFY/src/stage10_v2/e20_gen_corridor.py", line 221, in <module>
    main()
  File "/mnt/zihanw/FFY/src/stage10_v2/e20_gen_corridor.py", line 215, in main
    run_arm(arm, latest_ckpt(a.outroot, arm), conds, M_GRID,
                 ^^^^^^^^^^^^^^^^^^^^^^^^^^^
  File "/mnt/zihanw/FFY/src/stage10_v2/e20_gen_corridor.py", line 102, in latest_ckpt
    assert fs, f"找不到 {root}/v2_e5_{arm}/cvae_r*.pt"
           ^^
AssertionError: 找不到 outputs/v25_skid_root/v2_e5_bio/cvae_r*.pt
退出码 1
[累计 820 分钟]

=========== 6c/6 · E21 真鸟 vs 生成 ===========
[e21_bird_vs_gen.py] v21 物理 = True  足端 = bearing
[e21] AVONET 表: data/avonet_waterbirds.csv
[e21] 7 种 × 3 工况 × 2 = 42 次评价

=== 硬地 k_c=1e6 · v0=1.2 ===
物种                         体重kg    来源   L1mm    峰值g     η    行程mm    腿重g              判定
Tachybaptus ruficollis     0.17   真鸟   35.4   5.74  0.86    19.6      1        ×rebound
                           0.17   生成   28.8   7.58  0.76    17.4      1        ×rebound
Aythya fuligula            0.70   真鸟   31.6   8.10  0.80    15.8      3              可行
                           0.70   生成   48.7   5.12  0.89    21.0      5        ×rebound
Anas platyrhynchos         0.84   真鸟   39.8   6.50  0.85    17.8      4              可行
                           0.84   生成   52.2   4.98  0.89    21.3      6        ×rebound
Phalacrocorax carbo        2.53   真鸟   68.0   4.87  0.92    21.0     16              可行
                           2.53   生成   78.0   4.56  0.91    22.4     20              可行
Gavia immer                4.96   真鸟   87.0   4.62  0.92    21.8     34              可行
                           4.96   生成   99.5   4.52  0.91    22.6     43              可行
Pelecanus onocrotalus      9.32   真鸟  121.0   3.96  0.94    24.2     78           ×smax
                           9.32   生成  124.7   4.50  0.90    22.6     99              可行
Cygnus olor               10.68   真鸟   93.6   5.33  0.88    19.8     64              可行
                          10.68   生成  130.8   4.49  0.90    22.6    101              可行

=== 草地 k_c=1e5 · v0=1.2 ===
物种                         体重kg    来源   L1mm    峰值g     η    行程mm    腿重g              判定
Tachybaptus ruficollis     0.17   真鸟   35.4   4.63  0.92    22.0      1        ×rebound
                           0.17   生成   29.7   6.74  0.76    19.3      1        ×rebound
Aythya fuligula            0.70   真鸟   31.6   6.42  0.88    17.1      3              可行
                           0.70   生成   49.6   4.78  0.86    22.8      5        ×rebound
Anas platyrhynchos         0.84   真鸟   39.8   5.34  0.90    19.4      4              可行
                           0.84   生成   53.0   4.63  0.87    23.1      6        ×rebound
Phalacrocorax carbo        2.53   真鸟   68.0   4.20  0.92    22.6     15              可行
                           2.53   生成   78.2   3.99  0.92    23.9     20              可行
Gavia immer                4.96   真鸟   87.0   3.96  0.92    23.0     32              可行
                           4.96   生成   99.0   3.88  0.91    23.6     44              可行
Pelecanus onocrotalus      9.32   真鸟  121.0   3.60  0.90    25.2     81           ×smax
                           9.32   生成  122.8   3.97  0.90    22.6     95              可行
Cygnus olor               10.68   真鸟   93.6   4.38  0.89    20.5     63              可行
                          10.68   生成  128.4   4.06  0.90    22.4    107              可行

=== 湿沙 k_c=5e4 · v0=1.2 ===
物种                         体重kg    来源   L1mm    峰值g     η    行程mm    腿重g              判定
Tachybaptus ruficollis     0.17   真鸟   35.4   6.53  0.69    22.0      1        ×rebound
                           0.17   生成   30.0   9.54  0.56    19.1      1        ×rebound
Aythya fuligula            0.70   真鸟   31.6   6.70  0.84    16.9      2              可行
                           0.70   生成   50.1   5.95  0.72    22.3      5        ×rebound
Anas platyrhynchos         0.84   真鸟   39.8   5.69  0.85    19.1      4              可行
                           0.84   生成   53.5   5.66  0.74    22.6      6        ×rebound
Phalacrocorax carbo        2.53   真鸟   68.0   4.02  0.94    22.1     15              可行
                           2.53   生成   78.7   4.13  0.89    23.1     21              可行
Gavia immer                4.96   真鸟   87.0   3.88  0.93    22.7     32              可行
                           4.96   生成   99.2   3.91  0.93    22.5     44              可行
Pelecanus onocrotalus      9.32   真鸟  121.0   3.77  0.92    25.7     79           ×smax
                           9.32   生成  121.7   4.35  0.92    21.5     87              可行
Cygnus olor               10.68   真鸟   93.6   4.34  0.92    22.0     61              可行
                          10.68   生成  126.9   4.44  0.92    21.3    100              可行

[e21] → outputs/v25_skid_e21/e21_bird_vs_gen.json
退出码 0
[累计 820 分钟]

=========== 附 · E22 D/L 标度（v2.5 工厂已落盘 D_mm，不用再重评） ===========
/mnt/zihanw/FFY/src/stage10_v2/e22_dl_scaling.py:401: UserWarning: This figure includes Axes that are not compatible with tight_layout, so results might be incorrect.
  fig.tight_layout()
[e22] 从 v2.5 工厂直接读到 31673 条（零重评）
==========================================================================
① 夹逼诊断（D 被 D_MIN=4mm / D_MAX_RATIO=0.25 顶住的比例）
   tarso (L1)   触下界   0.0%   触上界   0.0%   合计   0.0%
   tibio (L2)   触下界   0.0%   触上界   0.0%   合计   0.0%
   femur (L3)   触下界   0.0%   触上界   0.0%   合计   0.0%
   全部段合计 0.0%
   → 在 20% 以内，指数可用。
   受哪条判据支配：from-factory=100%
==========================================================================
② 模型长出来的标度指数（只用未被夹住的样本）
   log D ~ α·log L      （逐段）
      tarso (L1)   α = +0.715 ± 0.008   R² = 0.506   n = 31673
      tibio (L2)   α = +0.649 ± 0.007   R² = 0.507   n = 31673
      femur (L3)   α = +0.623 ± 0.007   R² = 0.483   n = 31673
      合并三段         α = +0.435 ± 0.004   R² = 0.334   n = 95019
   log D ~ α·log m      （逐段，对体重）
      tarso (L1)   α = +0.368 ± 0.004   R² = 0.489   n = 31673
      tibio (L2)   α = +0.364 ± 0.004   R² = 0.532   n = 31673
      femur (L3)   α = +0.346 ± 0.004   R² = 0.506   n = 31673
      合并三段         α = +0.359 ± 0.002   R² = 0.503   n = 95019
   log (D/L) ~ α·log L  （细长比）
      tarso (L1)   α = -0.285 ± 0.008   R² = 0.140   n = 31673
      tibio (L2)   α = -0.351 ± 0.007   R² = 0.230   n = 31673
      femur (L3)   α = -0.377 ± 0.007   R² = 0.255   n = 31673
      合并三段         α = -0.565 ± 0.004   R² = 0.459   n = 95019
==========================================================================
②c 跨质量口径（分箱取中位后回归，与生物图同问）
   tarso (L1)   d/L ~ L^α  α = +0.022 ± 0.033 (R² 0.143, 12 个质量箱)   | L ~ m^0.356
   tibio (L2)   d/L ~ L^α  α = -0.001 ± 0.032 (R² 0.000, 12 个质量箱)   | L ~ m^0.361
   femur (L3)   d/L ~ L^α  α = -0.056 ± 0.026 (R² 0.637, 12 个质量箱)   | L ~ m^0.357
   注意：上面②里对全部样本直接回归 L 的那组，混进了同质量下换腿长的设计自由度，
        与生物图不是同一个问题；**比生物用这一组**。
==========================================================================
②b 理论锚点（同为 d/L ∝ L^α 口径）
   α = +0.000   等比 isometry                    合并三段距此 283.8σ
   α = -0.250   定弯曲刚度 EI/L³ = 常数               合并三段距此 158.3σ
   α = -0.500   定载荷 Euler 屈曲 F ∝ EI/L²         合并三段距此 32.8σ
   α = -0.667   定载荷抗弯强度 σ = Mc/I               合并三段距此 50.9σ
   （−1/2 就是会上 47:09 Hsia 说的那个 negative half：定载荷下的 Euler 屈曲）
==========================================================================
③ 与生物实测比较（口径 DL_vs_L → 用跨质量分箱，来源：Shizhuo Weng, 会议第 35 页 (2026-09-09, 45:45)；Heavy-bodied fliers (ducks/pheasants/cranes), n=63）
   tarso (L1)   生物 -0.380   模型 +0.022 ± 0.033   相差 24.0σ  不一致
   femur (L3)   生物 +0.120   模型 -0.056 ± 0.026   相差 13.2σ  不一致
   [备选] 同图 · Diving water-feeders (cormorants/herons/boobies tarso 生物 -0.57 vs 模型 +0.022 (35.3σ)   femur 生物 -0.39 vs 模型 -0.056 (25.0σ)
   [备选] 同图 · Wading shorebirds (sandpipers/plovers), n=24    tarso 生物 -0.12 vs 模型 +0.022 (8.5σ)   femur 生物 +0.12 vs 模型 -0.056 (13.2σ)
   [备选] 同图 · Open-ocean soaring (gulls/albatross/auks), n=25 tarso 生物 +0.02 vs 模型 +0.022 (0.1σ)   femur 生物 +0.20 vs 模型 -0.056 (19.2σ)
   [备选] 同图 · Forest fliers (songbirds/pigeons/parrots), n=13 tarso 生物 -0.24 vs 模型 +0.022 (15.6σ)   femur 生物 +0.14 vs 模型 -0.056 (14.7σ)
   [备选] 同图 · Raptors (hawks/falcons/owls), n=40              tarso 生物 -0.30 vs 模型 +0.022 (19.2σ)   femur 生物 +0.22 vs 模型 -0.056 (20.7σ)
   解读提示：一致 → 纯力学反推自发长成了生物的形状，这是非循环的证据；
             不一致 → 也是结果，说明生物在别的目标下选形（抗扭/骨髓/生长），
             正好接 Bigoni 33:04 那条「鸟骨是桁架不是实心管」。
==========================================================================
→ outputs/v25_skid_data/e22_dl_scaling.json
→ outputs/v25_skid_data/e22_dl_scaling.png
退出码 0
[累计 820 分钟]
