构型 CONFIG=bird (planar=1)  workers=128  rounds=40  seeds=0 1  codever=v25.2-sliproll-mufix
[fresh] outputs/v25_bird_p9 是旧版物理的产物（或无版本戳），挪到 outputs/v25_bird_p9_stale_0913_1408
[fresh] outputs/v25_bird_data 是旧版物理的产物（或无版本戳），挪到 outputs/v25_bird_data_stale_0913_1408
[fresh] outputs/v25_bird_e5 是旧版物理的产物（或无版本戳），挪到 outputs/v25_bird_e5_stale_0913_1408
[fresh] outputs/v25_bird_e5_s1 是旧版物理的产物（或无版本戳），挪到 outputs/v25_bird_e5_s1_stale_0913_1408
[fresh] outputs/v25_bird_root 是旧版物理的产物（或无版本戳），挪到 outputs/v25_bird_root_stale_0913_1408
[fresh] outputs/v25_bird_e18b 是旧版物理的产物（或无版本戳），挪到 outputs/v25_bird_e18b_stale_0913_1408
日志 logs/v25_bird_20260913_140844.log

=========== 0/6 · 回归测试（对 v2.3 存档逐条比 peak_a，要求最大偏差 < 0.5%） ===========
[p9/reg] 297 个点，多进程 128
      200/297 失败 0 (17s, 预计剩 8s)
      297/297 失败 0 (18s, 预计剩 0s)
==========================================================================
回归测试：planar=False, v_x=0，与 v2.3 工厂存档逐条比 peak_a
   n = 297（失败 0）
   相对偏差：中位 +0.0003%   P95 0.1129%   最大 0.3704%
   → 通过（最大偏差 < 0.5%），重构没动物理。
==========================================================================
退出码 0
[累计 0 分钟]

=========== 1/6 · P9a 准入体检（三条数值判据 + 用可行率给 Fr 上界定标） ===========
[p9/a] 9600 个点，多进程 128
      200/9600 失败 17 (21s, 预计剩 991s)
      400/9600 失败 31 (25s, 预计剩 586s)
      600/9600 失败 48 (34s, 预计剩 512s)
      800/9600 失败 56 (39s, 预计剩 433s)
      1000/9600 失败 68 (47s, 预计剩 408s)
      1200/9600 失败 89 (56s, 预计剩 395s)
      1400/9600 失败 103 (66s, 预计剩 385s)
      1600/9600 失败 121 (73s, 预计剩 364s)
      1800/9600 失败 128 (81s, 预计剩 349s)
      2000/9600 失败 141 (87s, 预计剩 330s)
      2200/9600 失败 159 (96s, 预计剩 325s)
      2400/9600 失败 172 (105s, 预计剩 315s)
      2600/9600 失败 184 (111s, 预计剩 300s)
      2800/9600 失败 191 (123s, 预计剩 298s)
      3000/9600 失败 205 (130s, 预计剩 286s)
      3200/9600 失败 223 (137s, 预计剩 275s)
      3400/9600 失败 236 (146s, 预计剩 266s)
      3600/9600 失败 248 (154s, 预计剩 257s)
      3800/9600 失败 258 (162s, 预计剩 247s)
      4000/9600 失败 274 (171s, 预计剩 239s)
      4200/9600 失败 290 (177s, 预计剩 228s)
      4400/9600 失败 304 (186s, 预计剩 220s)
      4600/9600 失败 312 (195s, 预计剩 212s)
      4800/9600 失败 322 (201s, 预计剩 201s)
      5000/9600 失败 339 (211s, 预计剩 194s)
      5200/9600 失败 353 (220s, 预计剩 186s)
      5400/9600 失败 368 (227s, 预计剩 177s)
      5600/9600 失败 375 (236s, 预计剩 169s)
      5800/9600 失败 387 (244s, 预计剩 160s)
      6000/9600 失败 404 (254s, 预计剩 152s)
      6200/9600 失败 417 (262s, 预计剩 144s)
      6400/9600 失败 432 (270s, 预计剩 135s)
      6600/9600 失败 437 (279s, 预计剩 127s)
      6800/9600 失败 445 (287s, 预计剩 118s)
      7000/9600 失败 463 (294s, 预计剩 109s)
      7200/9600 失败 476 (304s, 预计剩 101s)
      7400/9600 失败 488 (311s, 预计剩 93s)
      7600/9600 失败 495 (322s, 预计剩 85s)
      7800/9600 失败 507 (330s, 预计剩 76s)
      8000/9600 失败 522 (338s, 预计剩 68s)
      8200/9600 失败 533 (347s, 预计剩 59s)
      8400/9600 失败 541 (355s, 预计剩 51s)
      8600/9600 失败 547 (363s, 预计剩 42s)
      8800/9600 失败 560 (374s, 预计剩 34s)
      9000/9600 失败 576 (382s, 预计剩 25s)
      9200/9600 失败 590 (389s, 预计剩 17s)
      9400/9600 失败 598 (400s, 预计剩 9s)
      9600/9600 失败 607 (403s, 预计剩 0s)

******************************
DYNAMIC SOLVER FAILED:
  use showHints=True to show helpful information
******************************

→ outputs/v25_bird_p9/p9_a.jsonl
==========================================================================
准入体检（planar=True, Fr ∈ [0,2]）
   总点数 9600，solver 失败 607（6.3%）
   失败原因：[('collapse', 606), ('solver', 1)]
   1 失败率 ≤ 10%              : 过 (6.3%)
   2 max(e_gain) < 0.02（不造能）: 过 (最大 -0.9838，中位 -1.11)
   3 slip 随 Fr 单调             : 过
--------------------------------------------------------------------------
   4 ★ 可行率随 Fr 怎么掉（据此定主工厂的 Fr 上界）
          Fr       可行率%       滑移中位mm        滑移/L1     a_res中位g
         0.0        4.7         12.3         0.10         6.70
         0.5        0.6         57.8         0.46         4.81
         1.0        0.0        152.2         1.23         2.44
         1.5        0.0        294.6         2.40         2.33
         2.0        0.0        448.7         3.65         2.33
      → 可行率 ≥ 20% 的最大 Fr = **0.0**
        比原定的 2.0 低。主工厂的 --fr-max 应改成这个数，
        否则一大半样本落在物理上站不住的区间里，训练目标会被污染。
--------------------------------------------------------------------------
→ 三条数值判据全过。Fr 上界按上面第 4 条取。
==========================================================================
退出码 0
[累计 7 分钟]
[v25/bird] 主工厂的 Fr 上界取 0.0（P9a 实测定标，上限 2.0）
[v25/bird] Fr 恒为 0 → 条件仍是 6 维但第 6 维退化，等价于纯垂直着陆。

=========== 1b/6 · μ 扫描（求临界摩擦系数，Fr=0，硬地） ===========
[p9/mu] 13440 个点，多进程 128
      200/13440 失败 13 (15s, 预计剩 995s)
      400/13440 失败 25 (25s, 预计剩 818s)
      600/13440 失败 37 (36s, 预计剩 761s)
      800/13440 失败 48 (39s, 预计剩 620s)
      1000/13440 失败 57 (46s, 预计剩 576s)
      1200/13440 失败 66 (55s, 预计剩 564s)
      1400/13440 失败 76 (68s, 预计剩 581s)
      1600/13440 失败 84 (70s, 预计剩 519s)
      1800/13440 失败 91 (78s, 预计剩 503s)
      2000/13440 失败 97 (85s, 预计剩 485s)
      2200/13440 失败 103 (93s, 预计剩 475s)
      2400/13440 失败 107 (101s, 预计剩 463s)
      2600/13440 失败 109 (109s, 预计剩 453s)
      2800/13440 失败 110 (116s, 预计剩 440s)
      3000/13440 失败 110 (127s, 预计剩 441s)
      3200/13440 失败 110 (132s, 预计剩 421s)
      3400/13440 失败 110 (141s, 预计剩 415s)
      3600/13440 失败 110 (148s, 预计剩 403s)
      3800/13440 失败 110 (155s, 预计剩 393s)
      4000/13440 失败 110 (163s, 预计剩 386s)
      4200/13440 失败 110 (170s, 预计剩 373s)
      4400/13440 失败 110 (177s, 预计剩 365s)
      4600/13440 失败 118 (185s, 预计剩 356s)
      4800/13440 失败 127 (194s, 预计剩 349s)
      5000/13440 失败 137 (200s, 预计剩 337s)
      5200/13440 失败 146 (209s, 预计剩 331s)
      5400/13440 失败 155 (217s, 预计剩 323s)
      5600/13440 失败 164 (226s, 预计剩 316s)
      5800/13440 失败 171 (235s, 预计剩 310s)
      6000/13440 失败 177 (242s, 预计剩 300s)
      6200/13440 失败 184 (251s, 预计剩 293s)
      6400/13440 失败 190 (258s, 预计剩 284s)
      6600/13440 失败 197 (267s, 预计剩 276s)
      6800/13440 失败 201 (273s, 预计剩 267s)
      7000/13440 失败 203 (282s, 预计剩 260s)
      7200/13440 失败 206 (290s, 预计剩 252s)
      7400/13440 失败 206 (298s, 预计剩 244s)
      7600/13440 失败 206 (308s, 预计剩 236s)
      7800/13440 失败 206 (315s, 预计剩 228s)
      8000/13440 失败 206 (323s, 预计剩 219s)
      8200/13440 失败 206 (329s, 预计剩 210s)
      8400/13440 失败 206 (338s, 预计剩 203s)
      8600/13440 失败 206 (344s, 预计剩 194s)
      8800/13440 失败 206 (352s, 预计剩 185s)
      9000/13440 失败 208 (359s, 预计剩 177s)
      9200/13440 失败 217 (369s, 预计剩 170s)
      9400/13440 失败 227 (379s, 预计剩 163s)
      9600/13440 失败 236 (386s, 预计剩 154s)
      9800/13440 失败 245 (395s, 预计剩 147s)
      10000/13440 失败 252 (403s, 预计剩 139s)
      10200/13440 失败 258 (412s, 预计剩 131s)
      10400/13440 失败 264 (420s, 预计剩 123s)
      10600/13440 失败 270 (428s, 预计剩 115s)
      10800/13440 失败 276 (437s, 预计剩 107s)
      11000/13440 失败 283 (444s, 预计剩 99s)
      11200/13440 失败 289 (454s, 预计剩 91s)
      11400/13440 失败 292 (460s, 预计剩 82s)
      11600/13440 失败 295 (470s, 预计剩 74s)
      11800/13440 失败 296 (477s, 预计剩 66s)
      12000/13440 失败 296 (486s, 预计剩 58s)
      12200/13440 失败 296 (494s, 预计剩 50s)
      12400/13440 失败 296 (501s, 预计剩 42s)
      12600/13440 失败 296 (511s, 预计剩 34s)
      12800/13440 失败 296 (519s, 预计剩 26s)
      13000/13440 失败 296 (528s, 预计剩 18s)
      13200/13440 失败 296 (535s, 预计剩 10s)
      13400/13440 失败 296 (538s, 预计剩 2s)
      13440/13440 失败 296 (539s, 预计剩 0s)
==========================================================================
μ 扫描：多大的摩擦系数才能让足端站住（Fr=0，硬地 k_c=1e6，滑移<2mm 算站住）
     q1_0     μ_crit    tan(前倾)   各 μ 下的站住率
      28°       >2.5       1.00   6% 9% 8% 15% 1% 0% 0%
      31°       >2.5       0.90   9% 9% 6% 15% 0% 0% 0%
      34°       >2.5       0.81   8% 4% 4% 13% 0% 0% 0%
      37°       >2.5       0.73   5% 5% 5% 8% 0% 0% 0%
      40°       >2.5       0.65   5% 5% 7% 4% 2% 2% 2%
      43°       >2.5       0.58   7% 6% 10% 4% 3% 3% 3%
      46°       >2.5       0.51   12% 16% 19% 10% 10% 10% 10%
      49°       >2.5       0.44   17% 19% 18% 17% 17% 17% 17%
      52°       >2.5       0.38   31% 34% 28% 27% 27% 27% 27%
      55°       >2.5       0.32   34% 35% 33% 33% 33% 33% 33%
   （最后一列依次对应 μ = 0.30, 0.40, 0.50, 0.70, 1.00, 1.50, 2.50）
--------------------------------------------------------------------------
   **所有姿态在 μ ≤ 2.5 下都站不住** —— 这不是摩擦不够，是模型里有别的问题，先查。
==========================================================================
退出码 0
[累计 16 分钟]

=========== 2/6 · P9b 崩溃阶梯（Fr 2→15，只为定位现有接触模型在哪一档崩） ===========
[p9/b] 11520 个点，多进程 128
      200/11520 失败 142 (15s, 预计剩 867s)
      400/11520 失败 328 (18s, 预计剩 497s)
      600/11520 失败 484 (21s, 预计剩 384s)
      800/11520 失败 654 (29s, 预计剩 382s)
      1000/11520 失败 824 (29s, 预计剩 306s)
      1200/11520 失败 982 (36s, 预计剩 312s)
      1400/11520 失败 1167 (37s, 预计剩 266s)
      1600/11520 失败 1309 (45s, 预计剩 277s)
      1800/11520 失败 1509 (45s, 预计剩 241s)
      2000/11520 失败 1649 (53s, 预计剩 253s)
      2200/11520 失败 1849 (53s, 预计剩 225s)
      2400/11520 失败 1991 (59s, 预计剩 226s)
      2600/11520 失败 2191 (59s, 预计剩 204s)
      2800/11520 失败 2332 (68s, 预计剩 211s)
      3000/11520 失败 2532 (68s, 预计剩 192s)
      3200/11520 失败 2671 (76s, 预计剩 197s)
      3400/11520 失败 2871 (76s, 预计剩 181s)
      3600/11520 失败 3013 (84s, 预计剩 185s)
      3800/11520 失败 3213 (84s, 预计剩 171s)
      4000/11520 失败 3355 (93s, 预计剩 174s)
      4200/11520 失败 3555 (93s, 预计剩 161s)
      4400/11520 失败 3695 (101s, 预计剩 163s)
      4600/11520 失败 3895 (101s, 预计剩 151s)
      4800/11520 失败 4037 (108s, 预计剩 151s)
      5000/11520 失败 4230 (112s, 预计剩 146s)
      5200/11520 失败 4378 (115s, 预计剩 140s)
      5400/11520 失败 4555 (122s, 预计剩 138s)
      5600/11520 失败 4717 (123s, 预计剩 131s)
      5800/11520 失败 4880 (131s, 预计剩 129s)
      6000/11520 失败 5059 (132s, 预计剩 121s)
      6200/11520 失败 5208 (140s, 预计剩 120s)
      6400/11520 失败 5400 (140s, 预计剩 112s)
      6600/11520 失败 5540 (148s, 预计剩 110s)
      6800/11520 失败 5740 (148s, 预计剩 102s)
      7000/11520 失败 5882 (155s, 预计剩 100s)
      7200/11520 失败 6082 (155s, 预计剩 93s)
      7400/11520 失败 6223 (163s, 预计剩 91s)
      7600/11520 失败 6423 (163s, 预计剩 84s)
      7800/11520 失败 6561 (170s, 预计剩 81s)
      8000/11520 失败 6761 (170s, 预计剩 75s)
      8200/11520 失败 6903 (178s, 预计剩 72s)
      8400/11520 失败 7103 (178s, 预计剩 66s)
      8600/11520 失败 7244 (186s, 预计剩 63s)
      8800/11520 失败 7444 (186s, 预计剩 58s)
      9000/11520 失败 7583 (195s, 预计剩 55s)
      9200/11520 失败 7783 (195s, 预计剩 49s)
      9400/11520 失败 7924 (202s, 预计剩 46s)
      9600/11520 失败 8124 (202s, 预计剩 40s)
      9800/11520 失败 8264 (210s, 预计剩 37s)
      10000/11520 失败 8449 (216s, 预计剩 33s)
      10200/11520 失败 8602 (217s, 预计剩 28s)
      10400/11520 失败 8773 (226s, 预计剩 24s)
      10600/11520 失败 8944 (226s, 预计剩 20s)
      10800/11520 失败 9100 (234s, 预计剩 16s)
      11000/11520 失败 9285 (234s, 预计剩 11s)
      11200/11520 失败 9424 (239s, 预计剩 7s)
      11400/11520 失败 9624 (239s, 预计剩 3s)
      11520/11520 失败 9744 (239s, 预计剩 0s)
→ outputs/v25_bird_p9/p9_b.jsonl
==========================================================================
崩溃阶梯（planar=True，Fr 2→15）—— 不设通过与否，产出就是「在哪一档崩」
       Fr       失败率%    下陷P95mm  |e_gain|P95       滑移中位mm  mu_demand中位
      2.0        7.5       3.30       1.1226        448.7        0.654
      4.0      100.0        nan          nan          nan          nan
      6.0      100.0        nan          nan          nan          nan
      9.0      100.0        nan          nan          nan          nan
     12.0      100.0        nan          nan          nan          nan
     15.0      100.0        nan          nan          nan          nan
--------------------------------------------------------------------------
   → 现有接触模型在 **Fr ≈ 2** 开始失效（≈ 4–5 m/s，看质量）。
     这就是论文里那句方法边界：本文的点接触 + 库仑摩擦模型只在 Fr < 2 有效，
     滑跑着陆需要另一套接触模型和轮系拓扑 —— 单独立项，不在 v2.5 范围内。
==========================================================================
退出码 0
[累计 20 分钟]

=========== 3/6 · 数据工厂 v2.5（10 维设计 + 6 维条件 + 面内平动） ===========
[factory-v2] 质量范围 4–36 kg  ·  足端定尺 = bearing
[factory-v2] 设计维 10  ·  面内平动 planar=True  ·  Fr ∈ [0, 0.0]（40% 精确取零）
[factory-v2] 臂=bio  独立块 375 + 路径 25束×5步 = 500 块 × 120 设计 × 2 遍 = 120000 次仿真
[factory-v2] 路径占比 25%  先验: {"arm": "bio", "a": 0.4789938330118746, "b": 0.39112926377807683, "sigma": 0.07835045439266342, "u_max": 2.5, "L1_ref_mm": 73.01823105157997, "clip": false, "v21": true, "v25": true, "ndim": 10, "kap_range": [[0.75, 8.0], [1.5, 8.0], [3.0, 32.0]], "zeta_range": [0.005, 0.1], "tha_range": [113.0, 160.0], "thk_range": [118.0, 157.0], "q1_range": [27.6, 54.8], "outside_observed": 0.11675, "fit_n": 214, "fit_r2": 0.754128606756704}

******************************
DYNAMIC SOLVER FAILED:
  use showHints=True to show helpful information
******************************


******************************
DYNAMIC SOLVER FAILED:
  use showHints=True to show helpful information
******************************


******************************
DYNAMIC SOLVER FAILED:
  use showHints=True to show helpful information
******************************

[factory-v2] 10/500  本块失败 0/120  (120s, ~12.0s/块, 预计剩 98 分钟)
[factory-v2] 20/500  本块失败 0/120  (228s, ~11.4s/块, 预计剩 91 分钟)
[factory-v2] 30/500  本块失败 2/120  (336s, ~11.2s/块, 预计剩 88 分钟)
[factory-v2] 40/500  本块失败 0/120  (443s, ~11.1s/块, 预计剩 85 分钟)
[factory-v2] 50/500  本块失败 1/120  (540s, ~10.8s/块, 预计剩 81 分钟)
[factory-v2] 60/500  本块失败 2/120  (665s, ~11.1s/块, 预计剩 81 分钟)
[factory-v2] 70/500  本块失败 0/120  (778s, ~11.1s/块, 预计剩 80 分钟)
[factory-v2] 80/500  本块失败 0/120  (885s, ~11.1s/块, 预计剩 77 分钟)
[factory-v2] 90/500  本块失败 1/120  (988s, ~11.0s/块, 预计剩 75 分钟)
[factory-v2] 100/500  本块失败 1/120  (1100s, ~11.0s/块, 预计剩 73 分钟)
[factory-v2] 110/500  本块失败 2/120  (1223s, ~11.1s/块, 预计剩 72 分钟)
[factory-v2] 120/500  本块失败 5/120  (1339s, ~11.2s/块, 预计剩 71 分钟)
[factory-v2] 130/500  本块失败 2/120  (1445s, ~11.1s/块, 预计剩 69 分钟)
[factory-v2] 140/500  本块失败 2/120  (1544s, ~11.0s/块, 预计剩 66 分钟)
[factory-v2] 150/500  本块失败 0/120  (1659s, ~11.1s/块, 预计剩 65 分钟)
[factory-v2] 160/500  本块失败 2/120  (1756s, ~11.0s/块, 预计剩 62 分钟)
[factory-v2] 170/500  本块失败 0/120  (1869s, ~11.0s/块, 预计剩 60 分钟)
[factory-v2] 180/500  本块失败 0/120  (1980s, ~11.0s/块, 预计剩 59 分钟)
[factory-v2] 190/500  本块失败 0/120  (2086s, ~11.0s/块, 预计剩 57 分钟)
[factory-v2] 200/500  本块失败 1/120  (2194s, ~11.0s/块, 预计剩 55 分钟)
[factory-v2] 210/500  本块失败 3/120  (2289s, ~10.9s/块, 预计剩 53 分钟)
[factory-v2] 220/500  本块失败 0/120  (2405s, ~10.9s/块, 预计剩 51 分钟)
[factory-v2] 230/500  本块失败 0/120  (2521s, ~11.0s/块, 预计剩 49 分钟)
[factory-v2] 240/500  本块失败 2/120  (2615s, ~10.9s/块, 预计剩 47 分钟)
[factory-v2] 250/500  本块失败 1/120  (2725s, ~10.9s/块, 预计剩 45 分钟)
[factory-v2] 260/500  本块失败 0/120  (2834s, ~10.9s/块, 预计剩 44 分钟)
[factory-v2] 270/500  本块失败 3/120  (2940s, ~10.9s/块, 预计剩 42 分钟)
[factory-v2] 280/500  本块失败 1/120  (3048s, ~10.9s/块, 预计剩 40 分钟)
[factory-v2] 290/500  本块失败 4/120  (3164s, ~10.9s/块, 预计剩 38 分钟)
[factory-v2] 300/500  本块失败 2/120  (3269s, ~10.9s/块, 预计剩 36 分钟)
[factory-v2] 310/500  本块失败 2/120  (3371s, ~10.9s/块, 预计剩 34 分钟)
[factory-v2] 320/500  本块失败 0/120  (3490s, ~10.9s/块, 预计剩 33 分钟)
[factory-v2] 330/500  本块失败 2/120  (3617s, ~11.0s/块, 预计剩 31 分钟)
[factory-v2] 340/500  本块失败 6/120  (3721s, ~10.9s/块, 预计剩 29 分钟)
[factory-v2] 350/500  本块失败 2/120  (3824s, ~10.9s/块, 预计剩 27 分钟)
[factory-v2] 360/500  本块失败 1/120  (3925s, ~10.9s/块, 预计剩 25 分钟)
[factory-v2] 370/500  本块失败 0/120  (4021s, ~10.9s/块, 预计剩 24 分钟)
[factory-v2] 380/500  本块失败 3/120  (4126s, ~10.9s/块, 预计剩 22 分钟)
[factory-v2] 390/500  本块失败 1/120  (4251s, ~10.9s/块, 预计剩 20 分钟)
[factory-v2] 400/500  本块失败 2/120  (4361s, ~10.9s/块, 预计剩 18 分钟)
[factory-v2] 410/500  本块失败 3/120  (4459s, ~10.9s/块, 预计剩 16 分钟)
[factory-v2] 420/500  本块失败 1/120  (4579s, ~10.9s/块, 预计剩 15 分钟)
[factory-v2] 430/500  本块失败 0/120  (4677s, ~10.9s/块, 预计剩 13 分钟)
[factory-v2] 440/500  本块失败 1/120  (4776s, ~10.9s/块, 预计剩 11 分钟)
[factory-v2] 450/500  本块失败 1/120  (4899s, ~10.9s/块, 预计剩 9 分钟)
[factory-v2] 460/500  本块失败 0/120  (5023s, ~10.9s/块, 预计剩 7 分钟)
[factory-v2] 470/500  本块失败 0/120  (5152s, ~11.0s/块, 预计剩 5 分钟)
[factory-v2] 480/500  本块失败 2/120  (5246s, ~10.9s/块, 预计剩 4 分钟)
[factory-v2] 490/500  本块失败 3/120  (5362s, ~10.9s/块, 预计剩 2 分钟)
[factory-v2] 500/500  本块失败 0/120  (5465s, ~10.9s/块, 预计剩 0 分钟)
[factory-v2] done → outputs/v25_bird_data/factory.jsonl  (5465s)
退出码 0
[累计 111 分钟]

=========== 4/6 · 训练集（条件 6 维，判据含回弹软闸与打滑闸） ===========
[dataset] 设计维 u_dim = 10   条件维 = 6(含 Froude)
[dataset] 块 500  束 400 → 训练 280 / 验证 60 / 测试 60 (按 bid 切)
  tr:   6423 对
  va:   1429 对
  te:   1445 对
[dataset] 可行 23961 / 240000 (10.0%)   逐闸击杀(可叠加): gcap 18%  smax 73%  细长比 35%  质量 1%  回弹 3%  打滑 11%
[dataset] 平均可行率 10.0%  路径束 25 条 → outputs/v25_bird_data
退出码 0
[累计 111 分钟]

=========== 5/6 · 自提升闭环 ×40 (seed 0 → outputs/v25_bird_e5) ===========
[e5] 设计维 DU = 10  v21 = True  v25 = True  足端定尺 = bearing
[e5] 条件 6 维(含 Froude,上界 0.0)  ·  机体面内自由平动 planar=True
[e5v2] 臂=bio  块 500  束 训练280/验证60/测试60  从第 0 轮续跑

******************************
DYNAMIC SOLVER FAILED:
  use showHints=True to show helpful information
******************************


******************************
DYNAMIC SOLVER FAILED:
  use showHints=True to show helpful information
******************************


******************************
DYNAMIC SOLVER FAILED:
  use showHints=True to show helpful information
******************************


******************************
DYNAMIC SOLVER FAILED:
  use showHints=True to show helpful information
******************************


******************************
DYNAMIC SOLVER FAILED:
  use showHints=True to show helpful information
******************************

[e5v2] 考卷:测试块 72 个,抽 72 题 → 无解剔除 5,参考过薄(<5)剔除 5 → **62 题**
[e5v2] 提示:测试块只有 72 个,不足 --nexam 76。要更多题就加大 --nglobal 或提高测试束比例,不是这里的 bug
[e5v2] 冻结考卷就绪  (965s)
[e5v2] r0: 训练对=9448 池=60000 | gap 中位  47.2% 均值  62.3% 可行  94% 覆盖  32% 崩盘 11  (1078s)
[e5v2] r0→r1: 回灌 7912 条(队列 7912)  (1395s)
[e5v2] r1: 训练对=12314 池=67912 | gap 中位  38.6% 均值  48.8% 可行  98% 覆盖  23% 崩盘 9  (1521s)
[e5v2] r1→r2: 回灌 7912 条(队列 7912)  (1839s)
[e5v2] r2: 训练对=12901 池=75824 | gap 中位  29.2% 均值  40.3% 可行  98% 覆盖  18% 崩盘 9  (1971s)
[e5v2] r2→r3: 回灌 7912 条(队列 7912)  (2292s)
[e5v2] r3: 训练对=13190 池=83736 | gap 中位  21.7% 均值  30.2% 可行  98% 覆盖  15% 崩盘 2  (2432s)
[e5v2] r3→r4: 回灌 7912 条(队列 7912)  (2752s)
[e5v2] r4: 训练对=13306 池=91648 | gap 中位  19.6% 均值  26.3% 可行  99% 覆盖  15% 崩盘 0  (2884s)
[e5v2] r4→r5: 回灌 7912 条(队列 7912)  (3210s)
[e5v2] r5: 训练对=13451 池=99560 | gap 中位  13.7% 均值  20.2% 可行  99% 覆盖  15% 崩盘 0  (3344s)
[e5v2] r5→r6: 回灌 7912 条(队列 7912)  (3675s)
[e5v2] r6: 训练对=13553 池=107472 | gap 中位  12.4% 均值  17.1% 可行 100% 覆盖  12% 崩盘 1  (3813s)
[e5v2] r6→r7: 回灌 7912 条(队列 7912)  (4144s)
[e5v2] r7: 训练对=13618 池=115384 | gap 中位   9.8% 均值  13.9% 可行 100% 覆盖  12% 崩盘 0  (4280s)
[e5v2] r7→r8: 回灌 7912 条(队列 7912)  (4613s)
[e5v2] r8: 训练对=13649 池=123296 | gap 中位   6.5% 均值  10.8% 可行  99% 覆盖  14% 崩盘 0  (4753s)
[e5v2] r8→r9: 回灌 7912 条(队列 7912)  (5089s)
[e5v2] r9: 训练对=13695 池=131208 | gap 中位   5.4% 均值   8.0% 可行 100% 覆盖  12% 崩盘 0  (5233s)
[e5v2] r9→r10: 回灌 7912 条(队列 7912)  (5570s)
[e5v2] r10: 训练对=13722 池=139120 | gap 中位   4.6% 均值   6.8% 可行 100% 覆盖  11% 崩盘 0  (5709s)
[e5v2] r10→r11: 回灌 7912 条(队列 7912)  (6043s)
[e5v2] r11: 训练对=13751 池=147032 | gap 中位   3.7% 均值   4.6% 可行  98% 覆盖  12% 崩盘 0  (6186s)
[e5v2] r11→r12: 回灌 7912 条(队列 7912)  (6529s)
[e5v2] r12: 训练对=13803 池=154944 | gap 中位   4.2% 均值   6.2% 可行 100% 覆盖   9% 崩盘 0  (6668s)
[e5v2] r12→r13: 回灌 7912 条(队列 7912)  (7011s)
[e5v2] r13: 训练对=13820 池=162856 | gap 中位   1.0% 均值   3.7% 可行  97% 覆盖  11% 崩盘 1  (7154s)
[e5v2] r13→r14: 回灌 7912 条(队列 7912)  (7498s)
[e5v2] r14: 训练对=13847 池=170768 | gap 中位   1.5% 均值   2.1% 可行  96% 覆盖  10% 崩盘 0  (7640s)
[e5v2] r14→r15: 回灌 7912 条(队列 7912)  (7983s)
[e5v2] r15: 训练对=13871 池=178680 | gap 中位  -0.1% 均值   1.5% 可行  96% 覆盖   9% 崩盘 1  (8125s)
[e5v2] r15→r16: 回灌 7912 条(队列 7912)  (8469s)
[e5v2] r16: 训练对=13915 池=186592 | gap 中位   0.6% 均值  -0.3% 可行  99% 覆盖   9% 崩盘 0  (8610s)
[e5v2] r16→r17: 回灌 7912 条(队列 7912)  (8951s)
[e5v2] r17: 训练对=13942 池=194504 | gap 中位  -0.7% 均值  -1.3% 可行  97% 覆盖   8% 崩盘 0  (9089s)
[e5v2] r17→r18: 回灌 7912 条(队列 7912)  (9436s)
[e5v2] r18: 训练对=13965 池=202416 | gap 中位  -0.9% 均值  -2.8% 可行  99% 覆盖   8% 崩盘 0  (9580s)
[e5v2] r18→r19: 回灌 7912 条(队列 7912)  (9913s)
[e5v2] r19: 训练对=13985 池=210328 | gap 中位  -1.8% 均值  -4.8% 可行  97% 覆盖   9% 崩盘 0  (10050s)
[e5v2] r19→r20: 回灌 7912 条(队列 7912)  (10377s)
[e5v2] r20: 训练对=14016 池=218240 | gap 中位  -3.0% 均值  -4.2% 可行  92% 覆盖  10% 崩盘 1  (10519s)
[e5v2] r20→r21: 回灌 7912 条(队列 7912)  (10850s)
[e5v2] r21: 训练对=14030 池=226152 | gap 中位  -3.2% 均值  -5.5% 可行  98% 覆盖   6% 崩盘 0  (10987s)
[e5v2] r21→r22: 回灌 7912 条(队列 7912)  (11313s)
[e5v2] r22: 训练对=14033 池=234064 | gap 中位  -4.7% 均值  -5.4% 可行  94% 覆盖   7% 崩盘 1  (11452s)
[e5v2] r22→r23: 回灌 7912 条(队列 7912)  (11786s)
[e5v2] r23: 训练对=14042 池=241976 | gap 中位  -4.8% 均值  -6.5% 可行  94% 覆盖   7% 崩盘 0  (11926s)
[e5v2] r23→r24: 回灌 7912 条(队列 7912)  (12270s)
[e5v2] r24: 训练对=14041 池=249888 | gap 中位  -3.3% 均值  -4.5% 可行  93% 覆盖   6% 崩盘 1  (12420s)
[e5v2] r24→r25: 回灌 7912 条(队列 7912)  (12766s)
[e5v2] r25: 训练对=14050 池=257800 | gap 中位  -6.1% 均值  -6.6% 可行  90% 覆盖   6% 崩盘 1  (12912s)
[e5v2] r25→r26: 回灌 7912 条(队列 7912)  (13264s)
[e5v2] r26: 训练对=14051 池=265712 | gap 中位  -5.0% 均值  -7.2% 可行  96% 覆盖   4% 崩盘 0  (13405s)
[e5v2] r26→r27: 回灌 7912 条(队列 7912)  (13749s)
[e5v2] r27: 训练对=14054 池=273624 | gap 中位  -5.9% 均值  -6.5% 可行  94% 覆盖   6% 崩盘 1  (13890s)
[e5v2] r27→r28: 回灌 7912 条(队列 7912)  (14234s)
[e5v2] r28: 训练对=14063 池=281536 | gap 中位  -6.6% 均值  -6.8% 可行  90% 覆盖   7% 崩盘 1  (14382s)
[e5v2] r28→r29: 回灌 7912 条(队列 7912)  (14723s)
[e5v2] r29: 训练对=14065 池=289448 | gap 中位  -6.3% 均值  -4.1% 可行  87% 覆盖   4% 崩盘 3  (14877s)
[e5v2] r29→r30: 回灌 7912 条(队列 7912)  (15228s)
[e5v2] r30: 训练对=14074 池=297360 | gap 中位  -7.2% 均值  -5.8% 可行  87% 覆盖   5% 崩盘 2  (15369s)
[e5v2] r30→r31: 回灌 7912 条(队列 7912)  (15722s)
[e5v2] r31: 训练对=14086 池=305272 | gap 中位  -5.8% 均值  -5.6% 可行  90% 覆盖   5% 崩盘 2  (15864s)
[e5v2] r31→r32: 回灌 7912 条(队列 7912)  (16213s)
[e5v2] r32: 训练对=14090 池=313184 | gap 中位  -7.0% 均值  -6.3% 可行  87% 覆盖   4% 崩盘 2  (16358s)
[e5v2] r32→r33: 回灌 7912 条(队列 7912)  (16705s)
[e5v2] r33: 训练对=14104 池=321096 | gap 中位  -5.8% 均值  -8.6% 可行  97% 覆盖   5% 崩盘 0  (16851s)
[e5v2] r33→r34: 回灌 7912 条(队列 7912)  (17191s)
[e5v2] r34: 训练对=14105 池=329008 | gap 中位  -8.0% 均值 -10.6% 可行  93% 覆盖   6% 崩盘 0  (17334s)
[e5v2] r34→r35: 回灌 7912 条(队列 7912)  (17683s)
[e5v2] r35: 训练对=14112 池=336920 | gap 中位  -6.3% 均值  -3.7% 可行  85% 覆盖   7% 崩盘 4  (17825s)
[e5v2] r35→r36: 回灌 7912 条(队列 7912)  (18184s)
[e5v2] r36: 训练对=14112 池=344832 | gap 中位  -7.6% 均值  -4.8% 可行  88% 覆盖   3% 崩盘 3  (18332s)
[e5v2] r36→r37: 回灌 7912 条(队列 7912)  (18680s)
[e5v2] r37: 训练对=14121 池=352744 | gap 中位  -8.9% 均值  -6.3% 可行  91% 覆盖   6% 崩盘 3  (18828s)
[e5v2] r37→r38: 回灌 7912 条(队列 7912)  (19178s)
[e5v2] r38: 训练对=14121 池=360656 | gap 中位  -7.4% 均值  -5.2% 可行  89% 覆盖   6% 崩盘 3  (19317s)
[e5v2] r38→r39: 回灌 7912 条(队列 7912)  (19666s)
[e5v2] r39: 训练对=14124 池=368568 | gap 中位  -6.3% 均值   0.0% 可行  86% 覆盖   4% 崩盘 6  (19809s)
[e5v2] r39→r40: 回灌 7912 条(队列 7912)  (20166s)
[e5v2] r40: 训练对=14124 池=376480 | gap 中位  -8.5% 均值 -10.0% 可行  90% 覆盖   6% 崩盘 1  (20315s)

== E5-v2 轨迹 ==
  r0: gap  47.2%  可行  94%  崩盘 11  池 60000
  r1: gap  38.6%  可行  98%  崩盘 9  池 67912
  r2: gap  29.2%  可行  98%  崩盘 9  池 75824
  r3: gap  21.7%  可行  98%  崩盘 2  池 83736
  r4: gap  19.6%  可行  99%  崩盘 0  池 91648
  r5: gap  13.7%  可行  99%  崩盘 0  池 99560
  r6: gap  12.4%  可行 100%  崩盘 1  池 107472
  r7: gap   9.8%  可行 100%  崩盘 0  池 115384
  r8: gap   6.5%  可行  99%  崩盘 0  池 123296
  r9: gap   5.4%  可行 100%  崩盘 0  池 131208
  r10: gap   4.6%  可行 100%  崩盘 0  池 139120
  r11: gap   3.7%  可行  98%  崩盘 0  池 147032
  r12: gap   4.2%  可行 100%  崩盘 0  池 154944
  r13: gap   1.0%  可行  97%  崩盘 1  池 162856
  r14: gap   1.5%  可行  96%  崩盘 0  池 170768
  r15: gap  -0.1%  可行  96%  崩盘 1  池 178680
  r16: gap   0.6%  可行  99%  崩盘 0  池 186592
  r17: gap  -0.7%  可行  97%  崩盘 0  池 194504
  r18: gap  -0.9%  可行  99%  崩盘 0  池 202416
  r19: gap  -1.8%  可行  97%  崩盘 0  池 210328
  r20: gap  -3.0%  可行  92%  崩盘 1  池 218240
  r21: gap  -3.2%  可行  98%  崩盘 0  池 226152
  r22: gap  -4.7%  可行  94%  崩盘 1  池 234064
  r23: gap  -4.8%  可行  94%  崩盘 0  池 241976
  r24: gap  -3.3%  可行  93%  崩盘 1  池 249888
  r25: gap  -6.1%  可行  90%  崩盘 1  池 257800
  r26: gap  -5.0%  可行  96%  崩盘 0  池 265712
  r27: gap  -5.9%  可行  94%  崩盘 1  池 273624
  r28: gap  -6.6%  可行  90%  崩盘 1  池 281536
  r29: gap  -6.3%  可行  87%  崩盘 3  池 289448
  r30: gap  -7.2%  可行  87%  崩盘 2  池 297360
  r31: gap  -5.8%  可行  90%  崩盘 2  池 305272
  r32: gap  -7.0%  可行  87%  崩盘 2  池 313184
  r33: gap  -5.8%  可行  97%  崩盘 0  池 321096
  r34: gap  -8.0%  可行  93%  崩盘 0  池 329008
  r35: gap  -6.3%  可行  85%  崩盘 4  池 336920
  r36: gap  -7.6%  可行  88%  崩盘 3  池 344832
  r37: gap  -8.9%  可行  91%  崩盘 3  池 352744
  r38: gap  -7.4%  可行  89%  崩盘 3  池 360656
  r39: gap  -6.3%  可行  86%  崩盘 6  池 368568
  r40: gap  -8.5%  可行  90%  崩盘 1  池 376480
[e5v2] done → outputs/v25_bird_e5  (20315s)
退出码 0
[累计 449 分钟]

=========== 5/6 · 自提升闭环 ×40 (seed 1 → outputs/v25_bird_e5_s1) ===========
[e5] 设计维 DU = 10  v21 = True  v25 = True  足端定尺 = bearing
[e5] 条件 6 维(含 Froude,上界 0.0)  ·  机体面内自由平动 planar=True
[e5v2] 臂=bio  块 500  束 训练280/验证60/测试60  从第 0 轮续跑

******************************
DYNAMIC SOLVER FAILED:
  use showHints=True to show helpful information
******************************


******************************
DYNAMIC SOLVER FAILED:
  use showHints=True to show helpful information
******************************


******************************
DYNAMIC SOLVER FAILED:
  use showHints=True to show helpful information
******************************


******************************
DYNAMIC SOLVER FAILED:
  use showHints=True to show helpful information
******************************


******************************
DYNAMIC SOLVER FAILED:
  use showHints=True to show helpful information
******************************

[e5v2] 考卷:测试块 72 个,抽 72 题 → 无解剔除 5,参考过薄(<5)剔除 5 → **62 题**
[e5v2] 提示:测试块只有 72 个,不足 --nexam 76。要更多题就加大 --nglobal 或提高测试束比例,不是这里的 bug
[e5v2] 冻结考卷就绪  (963s)
[e5v2] r0: 训练对=9448 池=60000 | gap 中位  54.5% 均值  67.3% 可行  90% 覆盖  28% 崩盘 13  (1081s)
[e5v2] r0→r1: 回灌 7912 条(队列 7912)  (1388s)
[e5v2] r1: 训练对=12273 池=67912 | gap 中位  45.3% 均值  52.5% 可行  96% 覆盖  19% 崩盘 12  (1512s)
[e5v2] r1→r2: 回灌 7912 条(队列 7912)  (1821s)
[e5v2] r2: 训练对=12772 池=75824 | gap 中位  27.4% 均值  40.7% 可行  98% 覆盖  19% 崩盘 9  (1947s)
[e5v2] r2→r3: 回灌 7912 条(队列 7912)  (2260s)
[e5v2] r3: 训练对=13035 池=83736 | gap 中位  22.0% 均值  34.7% 可行  98% 覆盖  18% 崩盘 4  (2391s)
[e5v2] r3→r4: 回灌 7912 条(队列 7912)  (2702s)
[e5v2] r4: 训练对=13172 池=91648 | gap 中位  18.3% 均值  28.1% 可行  98% 覆盖  15% 崩盘 2  (2833s)
[e5v2] r4→r5: 回灌 7912 条(队列 7912)  (3140s)
[e5v2] r5: 训练对=13308 池=99560 | gap 中位  12.6% 均值  21.9% 可行  98% 覆盖  17% 崩盘 2  (3267s)
[e5v2] r5→r6: 回灌 7912 条(队列 7912)  (3576s)
[e5v2] r6: 训练对=13438 池=107472 | gap 中位  12.0% 均值  18.2% 可行  99% 覆盖  16% 崩盘 0  (3705s)
[e5v2] r6→r7: 回灌 7912 条(队列 7912)  (4016s)
[e5v2] r7: 训练对=13538 池=115384 | gap 中位   8.8% 均值  15.0% 可行  99% 覆盖  16% 崩盘 0  (4147s)
[e5v2] r7→r8: 回灌 7912 条(队列 7912)  (4454s)
[e5v2] r8: 训练对=13585 池=123296 | gap 中位  10.0% 均值  15.8% 可行 100% 覆盖  13% 崩盘 0  (4587s)
[e5v2] r8→r9: 回灌 7912 条(队列 7912)  (4899s)
[e5v2] r9: 训练对=13618 池=131208 | gap 中位   6.8% 均值  12.5% 可行  99% 覆盖  11% 崩盘 0  (5035s)
[e5v2] r9→r10: 回灌 7912 条(队列 7912)  (5356s)
[e5v2] r10: 训练对=13664 池=139120 | gap 中位   3.5% 均值   9.3% 可行  99% 覆盖  13% 崩盘 0  (5494s)
[e5v2] r10→r11: 回灌 7912 条(队列 7912)  (5828s)
[e5v2] r11: 训练对=13697 池=147032 | gap 中位   4.8% 均值   8.6% 可行 100% 覆盖  11% 崩盘 0  (5959s)
[e5v2] r11→r12: 回灌 7912 条(队列 7912)  (6302s)
[e5v2] r12: 训练对=13734 池=154944 | gap 中位   4.1% 均值   6.2% 可行 100% 覆盖  13% 崩盘 0  (6443s)
[e5v2] r12→r13: 回灌 7912 条(队列 7912)  (6825s)
[e5v2] r13: 训练对=13754 池=162856 | gap 中位   3.8% 均值   7.6% 可行  93% 覆盖  10% 崩盘 2  (7000s)
[e5v2] r13→r14: 回灌 7912 条(队列 7912)  (7410s)
[e5v2] r14: 训练对=13780 池=170768 | gap 中位   2.6% 均值   4.8% 可行  97% 覆盖  10% 崩盘 1  (7650s)
[e5v2] r14→r15: 回灌 7912 条(队列 7912)  (7997s)
[e5v2] r15: 训练对=13810 池=178680 | gap 中位   0.4% 均值   1.9% 可行 100% 覆盖  12% 崩盘 0  (8134s)
[e5v2] r15→r16: 回灌 7912 条(队列 7912)  (8477s)
[e5v2] r16: 训练对=13836 池=186592 | gap 中位   1.1% 均值   1.8% 可行 100% 覆盖  11% 崩盘 0  (8627s)
[e5v2] r16→r17: 回灌 7912 条(队列 7912)  (8963s)
[e5v2] r17: 训练对=13855 池=194504 | gap 中位  -0.1% 均值   0.2% 可行  99% 覆盖  11% 崩盘 0  (9101s)
[e5v2] r17→r18: 回灌 7912 条(队列 7912)  (9441s)
[e5v2] r18: 训练对=13888 池=202416 | gap 中位  -1.8% 均值  -1.3% 可行  97% 覆盖  13% 崩盘 0  (9583s)
[e5v2] r18→r19: 回灌 7912 条(队列 7912)  (9919s)
[e5v2] r19: 训练对=13906 池=210328 | gap 中位  -1.5% 均值  -2.0% 可行  99% 覆盖  12% 崩盘 0  (10061s)
[e5v2] r19→r20: 回灌 7912 条(队列 7912)  (10407s)
[e5v2] r20: 训练对=13949 池=218240 | gap 中位  -2.9% 均值  -3.6% 可行  97% 覆盖  10% 崩盘 0  (10550s)
[e5v2] r20→r21: 回灌 7912 条(队列 7912)  (10892s)
[e5v2] r21: 训练对=13954 池=226152 | gap 中位  -3.9% 均值  -4.2% 可行  97% 覆盖  12% 崩盘 0  (11033s)
[e5v2] r21→r22: 回灌 7912 条(队列 7912)  (11375s)
[e5v2] r22: 训练对=13969 池=234064 | gap 中位  -3.3% 均值  -4.8% 可行  98% 覆盖  11% 崩盘 0  (11515s)
[e5v2] r22→r23: 回灌 7912 条(队列 7912)  (11860s)
[e5v2] r23: 训练对=13988 池=241976 | gap 中位  -4.5% 均值  -3.5% 可行  94% 覆盖  11% 崩盘 1  (11998s)
[e5v2] r23→r24: 回灌 7912 条(队列 7912)  (12344s)
[e5v2] r24: 训练对=13994 池=249888 | gap 中位  -6.3% 均值  -6.9% 可行  89% 覆盖   8% 崩盘 0  (12489s)
[e5v2] r24→r25: 回灌 7912 条(队列 7912)  (12827s)
[e5v2] r25: 训练对=14001 池=257800 | gap 中位  -4.6% 均值  -5.3% 可行  97% 覆盖   8% 崩盘 0  (12964s)
[e5v2] r25→r26: 回灌 7912 条(队列 7912)  (13301s)
[e5v2] r26: 训练对=14007 池=265712 | gap 中位  -5.8% 均值  -7.1% 可行  96% 覆盖  10% 崩盘 0  (13445s)
[e5v2] r26→r27: 回灌 7912 条(队列 7912)  (13790s)
[e5v2] r27: 训练对=14015 池=273624 | gap 中位  -6.7% 均值  -6.4% 可行  96% 覆盖   7% 崩盘 0  (13927s)
[e5v2] r27→r28: 回灌 7912 条(队列 7912)  (14269s)
[e5v2] r28: 训练对=14017 池=281536 | gap 中位  -7.2% 均值  -7.6% 可行  97% 覆盖   8% 崩盘 0  (14410s)
[e5v2] r28→r29: 回灌 7912 条(队列 7912)  (14749s)
[e5v2] r29: 训练对=14025 池=289448 | gap 中位  -7.1% 均值  -3.7% 可行  90% 覆盖   6% 崩盘 3  (14888s)
[e5v2] r29→r30: 回灌 7912 条(队列 7912)  (15232s)
[e5v2] r30: 训练对=14031 池=297360 | gap 中位  -7.8% 均值  -9.1% 可行  93% 覆盖   7% 崩盘 0  (15370s)
[e5v2] r30→r31: 回灌 7912 条(队列 7912)  (15720s)
[e5v2] r31: 训练对=14035 池=305272 | gap 中位  -7.1% 均值  -6.5% 可行  91% 覆盖   5% 崩盘 1  (15863s)
[e5v2] r31→r32: 回灌 7912 条(队列 7912)  (16209s)
[e5v2] r32: 训练对=14041 池=313184 | gap 中位  -7.4% 均值  -3.8% 可行  85% 覆盖   7% 崩盘 3  (16348s)
[e5v2] r32→r33: 回灌 7912 条(队列 7912)  (16674s)
[e5v2] r33: 训练对=14070 池=321096 | gap 中位  -7.7% 均值  -8.4% 可行  91% 覆盖   6% 崩盘 1  (16818s)
[e5v2] r33→r34: 回灌 7912 条(队列 7912)  (17137s)
[e5v2] r34: 训练对=14070 池=329008 | gap 中位  -7.6% 均值  -4.6% 可行  92% 覆盖   6% 崩盘 3  (17273s)
[e5v2] r34→r35: 回灌 7912 条(队列 7912)  (17596s)
[e5v2] r35: 训练对=14074 池=336920 | gap 中位  -7.7% 均值  -9.9% 可行  96% 覆盖   6% 崩盘 0  (17732s)
[e5v2] r35→r36: 回灌 7912 条(队列 7912)  (18063s)
[e5v2] r36: 训练对=14079 池=344832 | gap 中位  -8.3% 均值  -2.2% 可行  84% 覆盖   6% 崩盘 5  (18196s)
[e5v2] r36→r37: 回灌 7912 条(队列 7912)  (18527s)
[e5v2] r37: 训练对=14085 池=352744 | gap 中位  -6.8% 均值  -4.1% 可行  81% 覆盖   6% 崩盘 4  (18663s)
[e5v2] r37→r38: 回灌 7912 条(队列 7912)  (19004s)
[e5v2] r38: 训练对=14093 池=360656 | gap 中位  -8.0% 均值  -6.8% 可行  90% 覆盖   6% 崩盘 2  (19149s)
[e5v2] r38→r39: 回灌 7912 条(队列 7912)  (19495s)
[e5v2] r39: 训练对=14093 池=368568 | gap 中位  -9.2% 均值  -7.6% 可行  91% 覆盖   7% 崩盘 2  (19637s)
[e5v2] r39→r40: 回灌 7912 条(队列 7912)  (19986s)
[e5v2] r40: 训练对=14105 池=376480 | gap 中位  -8.7% 均值  -8.8% 可行  93% 覆盖   8% 崩盘 1  (20127s)

== E5-v2 轨迹 ==
  r0: gap  54.5%  可行  90%  崩盘 13  池 60000
  r1: gap  45.3%  可行  96%  崩盘 12  池 67912
  r2: gap  27.4%  可行  98%  崩盘 9  池 75824
  r3: gap  22.0%  可行  98%  崩盘 4  池 83736
  r4: gap  18.3%  可行  98%  崩盘 2  池 91648
  r5: gap  12.6%  可行  98%  崩盘 2  池 99560
  r6: gap  12.0%  可行  99%  崩盘 0  池 107472
  r7: gap   8.8%  可行  99%  崩盘 0  池 115384
  r8: gap  10.0%  可行 100%  崩盘 0  池 123296
  r9: gap   6.8%  可行  99%  崩盘 0  池 131208
  r10: gap   3.5%  可行  99%  崩盘 0  池 139120
  r11: gap   4.8%  可行 100%  崩盘 0  池 147032
  r12: gap   4.1%  可行 100%  崩盘 0  池 154944
  r13: gap   3.8%  可行  93%  崩盘 2  池 162856
  r14: gap   2.6%  可行  97%  崩盘 1  池 170768
  r15: gap   0.4%  可行 100%  崩盘 0  池 178680
  r16: gap   1.1%  可行 100%  崩盘 0  池 186592
  r17: gap  -0.1%  可行  99%  崩盘 0  池 194504
  r18: gap  -1.8%  可行  97%  崩盘 0  池 202416
  r19: gap  -1.5%  可行  99%  崩盘 0  池 210328
  r20: gap  -2.9%  可行  97%  崩盘 0  池 218240
  r21: gap  -3.9%  可行  97%  崩盘 0  池 226152
  r22: gap  -3.3%  可行  98%  崩盘 0  池 234064
  r23: gap  -4.5%  可行  94%  崩盘 1  池 241976
  r24: gap  -6.3%  可行  89%  崩盘 0  池 249888
  r25: gap  -4.6%  可行  97%  崩盘 0  池 257800
  r26: gap  -5.8%  可行  96%  崩盘 0  池 265712
  r27: gap  -6.7%  可行  96%  崩盘 0  池 273624
  r28: gap  -7.2%  可行  97%  崩盘 0  池 281536
  r29: gap  -7.1%  可行  90%  崩盘 3  池 289448
  r30: gap  -7.8%  可行  93%  崩盘 0  池 297360
  r31: gap  -7.1%  可行  91%  崩盘 1  池 305272
  r32: gap  -7.4%  可行  85%  崩盘 3  池 313184
  r33: gap  -7.7%  可行  91%  崩盘 1  池 321096
  r34: gap  -7.6%  可行  92%  崩盘 3  池 329008
  r35: gap  -7.7%  可行  96%  崩盘 0  池 336920
  r36: gap  -8.3%  可行  84%  崩盘 5  池 344832
  r37: gap  -6.8%  可行  81%  崩盘 4  池 352744
  r38: gap  -8.0%  可行  90%  崩盘 2  池 360656
  r39: gap  -9.2%  可行  91%  崩盘 2  池 368568
  r40: gap  -8.7%  可行  93%  崩盘 1  池 376480
[e5v2] done → outputs/v25_bird_e5_s1  (20127s)
退出码 0
[累计 785 分钟]

=========== 5b/6 · 两种子比对（出汇报口径；训练类指标 ≥2 种子才报） ===========
质量范围 4.0–36.0 kg   通道探针在 12.0 kg

指标                   seed0     seed1        散布      判定
gap 中位 %             -7.63     -8.31     0.672      ✓稳
可行率 %                 88.8      87.8     0.984      ✓稳
覆盖 %                  4.97      6.67      1.69      ✗散
越前沿轮                    15        17         2      ✓稳
末5轮趋势 %              -2.21     -1.05      1.16      ✗散
θ踝 °                   121       120     0.696      ✓稳
θ膝 °                   138       139     0.466      ✓稳
κ踝 跨工况×               2.03      1.92     0.113      ✓稳
τ 跨工况×                3.27      3.12      0.15      ✓稳
κ膝 跨工况×               1.07      1.01    0.0587      ✓稳
κ髋 跨工况×               1.15      1.12    0.0333      ✓稳
b_eff                0.388     0.372    0.0162      ✓稳

对照 outputs/v23_e5_bio(质量 4.0–36.0 kg):
  gap -2.6%  覆盖 32.5%  θ 129/136°  κ踝 3.02×  τ 3.75×  b_eff 0.353
  ⚠ gap/覆盖不可跨版本直接比(条件分布不同);可比的是姿态、通道比、b_eff。

=== 可进汇报的口径 ===
  gap 中位 %         -7.97 ± 0.34
  可行率 %            88.3 ± 0.49
  覆盖 %             5.82 ± 0.85   ← 散布过大,需第三个种子或更多轮
  越前沿轮             16 ± 1
  末5轮趋势 %          -1.63 ± 0.58   ← 散布过大,需第三个种子或更多轮
  θ踝 °             120 ± 0.35
  θ膝 °             139 ± 0.23
  κ踝 跨工况×          1.97 ± 0.056
  τ 跨工况×           3.2 ± 0.075
  κ膝 跨工况×          1.04 ± 0.029
  κ髋 跨工况×          1.14 ± 0.017
  b_eff            0.38 ± 0.0081

⚠ 末5轮仍在下行(-2.2%/5轮) → 未收敛,gap 的绝对值偏保守,建议续跑 20 轮。
退出码 0
[累计 785 分钟]

=========== 6a/6 · E18b 四臂走廊 ===========
[e18b] 足端定尺 = bearing
[e18b] 6 工况 × 27648 = 165888 次评价(每次 2 遍仿真)

[concrete1.2] 4臂 × 9u × 16级 × 48探针 = 27648 次评价

******************************
DYNAMIC SOLVER FAILED:
  use showHints=True to show helpful information
******************************


******************************
DYNAMIC SOLVER FAILED:
  use showHints=True to show helpful information
******************************


******************************
DYNAMIC SOLVER FAILED:
  use showHints=True to show helpful information
******************************


******************************
DYNAMIC SOLVER FAILED:
  use showHints=True to show helpful information
******************************


******************************
DYNAMIC SOLVER FAILED:
  use showHints=True to show helpful information
******************************


******************************
DYNAMIC SOLVER FAILED:
  use showHints=True to show helpful information
******************************


******************************
DYNAMIC SOLVER FAILED:
  use showHints=True to show helpful information
******************************


******************************
DYNAMIC SOLVER FAILED:
  use showHints=True to show helpful information
******************************


******************************
DYNAMIC SOLVER FAILED:
  use showHints=True to show helpful information
******************************


******************************
DYNAMIC SOLVER FAILED:
  use showHints=True to show helpful information
******************************


******************************
DYNAMIC SOLVER FAILED:
  use showHints=True to show helpful information
******************************


******************************
DYNAMIC SOLVER FAILED:
  use showHints=True to show helpful information
******************************


******************************
DYNAMIC SOLVER FAILED:
  use showHints=True to show helpful information
******************************


******************************
DYNAMIC SOLVER FAILED:
  use showHints=True to show helpful information
******************************


******************************
DYNAMIC SOLVER FAILED:
  use showHints=True to show helpful information
******************************


******************************
DYNAMIC SOLVER FAILED:
  use showHints=True to show helpful information
******************************


******************************
DYNAMIC SOLVER FAILED:
  use showHints=True to show helpful information
******************************


******************************
DYNAMIC SOLVER FAILED:
  use showHints=True to show helpful information
******************************


******************************
DYNAMIC SOLVER FAILED:
  use showHints=True to show helpful information
******************************


******************************
DYNAMIC SOLVER FAILED:
  use showHints=True to show helpful information
******************************


******************************
DYNAMIC SOLVER FAILED:
  use showHints=True to show helpful information
******************************


******************************
DYNAMIC SOLVER FAILED:
  use showHints=True to show helpful information
******************************


******************************
DYNAMIC SOLVER FAILED:
  use showHints=True to show helpful information
******************************


******************************
DYNAMIC SOLVER FAILED:
  use showHints=True to show helpful information
******************************


******************************
DYNAMIC SOLVER FAILED:
  use showHints=True to show helpful information
******************************


******************************
DYNAMIC SOLVER FAILED:
  use showHints=True to show helpful information
******************************


******************************
DYNAMIC SOLVER FAILED:
  use showHints=True to show helpful information
******************************


******************************
DYNAMIC SOLVER FAILED:
  use showHints=True to show helpful information
******************************


******************************
DYNAMIC SOLVER FAILED:
  use showHints=True to show helpful information
******************************


******************************
DYNAMIC SOLVER FAILED:
  use showHints=True to show helpful information
******************************


******************************
DYNAMIC SOLVER FAILED:
  use showHints=True to show helpful information
******************************


******************************
DYNAMIC SOLVER FAILED:
  use showHints=True to show helpful information
******************************


******************************
DYNAMIC SOLVER FAILED:
  use showHints=True to show helpful information
******************************


******************************
DYNAMIC SOLVER FAILED:
  use showHints=True to show helpful information
******************************


******************************
DYNAMIC SOLVER FAILED:
  use showHints=True to show helpful information
******************************


******************************
DYNAMIC SOLVER FAILED:
  use showHints=True to show helpful information
******************************


******************************
DYNAMIC SOLVER FAILED:
  use showHints=True to show helpful information
******************************


******************************
DYNAMIC SOLVER FAILED:
  use showHints=True to show helpful information
******************************


******************************
DYNAMIC SOLVER FAILED:
  use showHints=True to show helpful information
******************************


******************************
DYNAMIC SOLVER FAILED:
  use showHints=True to show helpful information
******************************


******************************
DYNAMIC SOLVER FAILED:
  use showHints=True to show helpful information
******************************


******************************
DYNAMIC SOLVER FAILED:
  use showHints=True to show helpful information
******************************


******************************
DYNAMIC SOLVER FAILED:
  use showHints=True to show helpful information
******************************


******************************
DYNAMIC SOLVER FAILED:
  use showHints=True to show helpful information
******************************


******************************
DYNAMIC SOLVER FAILED:
  use showHints=True to show helpful information
******************************


******************************
DYNAMIC SOLVER FAILED:
  use showHints=True to show helpful information
******************************

[concrete1.2] 完成 (939s)
[concrete1.2] → outputs/v25_bird_e18b/e18b_concrete1.2.json
  臂           2.0   2.4   3.0   3.6   4.4   5.4   6.6   8.1   9.9  12.1  14.7  18.0  22.0  26.8  32.8  40.0
  bio           5     4     5     8     6     8     9     9     9    12    11     8    10     9     9    11
  geo           4     7     6     9     6     9     9     8     9    10    10     9     9    11     9     8
  elastic       5     6     5     7     6     7     5     8     7     7     8     7     6     4     3     5
  none          8     6     7     6     5     6     5     3     3     2     1     0     0     0     0     0

[turf1.2] 4臂 × 9u × 16级 × 48探针 = 27648 次评价

******************************
DYNAMIC SOLVER FAILED:
  use showHints=True to show helpful information
******************************


******************************
DYNAMIC SOLVER FAILED:
  use showHints=True to show helpful information
******************************


******************************
DYNAMIC SOLVER FAILED:
  use showHints=True to show helpful information
******************************


******************************
DYNAMIC SOLVER FAILED:
  use showHints=True to show helpful information
******************************


******************************
DYNAMIC SOLVER FAILED:
  use showHints=True to show helpful information
******************************


******************************
DYNAMIC SOLVER FAILED:
  use showHints=True to show helpful information
******************************


******************************
DYNAMIC SOLVER FAILED:
  use showHints=True to show helpful information
******************************


******************************
DYNAMIC SOLVER FAILED:
  use showHints=True to show helpful information
******************************


******************************
DYNAMIC SOLVER FAILED:
  use showHints=True to show helpful information
******************************


******************************
DYNAMIC SOLVER FAILED:
  use showHints=True to show helpful information
******************************


******************************
DYNAMIC SOLVER FAILED:
  use showHints=True to show helpful information
******************************


******************************
DYNAMIC SOLVER FAILED:
  use showHints=True to show helpful information
******************************


******************************
DYNAMIC SOLVER FAILED:
  use showHints=True to show helpful information
******************************


******************************
DYNAMIC SOLVER FAILED:
  use showHints=True to show helpful information
******************************


******************************
DYNAMIC SOLVER FAILED:
  use showHints=True to show helpful information
******************************


******************************
DYNAMIC SOLVER FAILED:
  use showHints=True to show helpful information
******************************


******************************
DYNAMIC SOLVER FAILED:
  use showHints=True to show helpful information
******************************


******************************
DYNAMIC SOLVER FAILED:
  use showHints=True to show helpful information
******************************


******************************
DYNAMIC SOLVER FAILED:
  use showHints=True to show helpful information
******************************


******************************
DYNAMIC SOLVER FAILED:
  use showHints=True to show helpful information
******************************


******************************
DYNAMIC SOLVER FAILED:
  use showHints=True to show helpful information
******************************


******************************
DYNAMIC SOLVER FAILED:
  use showHints=True to show helpful information
******************************


******************************
DYNAMIC SOLVER FAILED:
  use showHints=True to show helpful information
******************************


******************************
DYNAMIC SOLVER FAILED:
  use showHints=True to show helpful information
******************************


******************************
DYNAMIC SOLVER FAILED:
  use showHints=True to show helpful information
******************************


******************************
DYNAMIC SOLVER FAILED:
  use showHints=True to show helpful information
******************************


******************************
DYNAMIC SOLVER FAILED:
  use showHints=True to show helpful information
******************************


******************************
DYNAMIC SOLVER FAILED:
  use showHints=True to show helpful information
******************************


******************************
DYNAMIC SOLVER FAILED:
  use showHints=True to show helpful information
******************************


******************************
DYNAMIC SOLVER FAILED:
  use showHints=True to show helpful information
******************************


******************************
DYNAMIC SOLVER FAILED:
  use showHints=True to show helpful information
******************************


******************************
DYNAMIC SOLVER FAILED:
  use showHints=True to show helpful information
******************************


******************************
DYNAMIC SOLVER FAILED:
  use showHints=True to show helpful information
******************************


******************************
DYNAMIC SOLVER FAILED:
  use showHints=True to show helpful information
******************************


******************************
DYNAMIC SOLVER FAILED:
  use showHints=True to show helpful information
******************************


******************************
DYNAMIC SOLVER FAILED:
  use showHints=True to show helpful information
******************************


******************************
DYNAMIC SOLVER FAILED:
  use showHints=True to show helpful information
******************************


******************************
DYNAMIC SOLVER FAILED:
  use showHints=True to show helpful information
******************************


******************************
DYNAMIC SOLVER FAILED:
  use showHints=True to show helpful information
******************************


******************************
DYNAMIC SOLVER FAILED:
  use showHints=True to show helpful information
******************************


******************************
DYNAMIC SOLVER FAILED:
  use showHints=True to show helpful information
******************************


******************************
DYNAMIC SOLVER FAILED:
  use showHints=True to show helpful information
******************************


******************************
DYNAMIC SOLVER FAILED:
  use showHints=True to show helpful information
******************************


******************************
DYNAMIC SOLVER FAILED:
  use showHints=True to show helpful information
******************************


******************************
DYNAMIC SOLVER FAILED:
  use showHints=True to show helpful information
******************************


******************************
DYNAMIC SOLVER FAILED:
  use showHints=True to show helpful information
******************************


******************************
DYNAMIC SOLVER FAILED:
  use showHints=True to show helpful information
******************************


******************************
DYNAMIC SOLVER FAILED:
  use showHints=True to show helpful information
******************************


******************************
DYNAMIC SOLVER FAILED:
  use showHints=True to show helpful information
******************************


******************************
DYNAMIC SOLVER FAILED:
  use showHints=True to show helpful information
******************************


******************************
DYNAMIC SOLVER FAILED:
  use showHints=True to show helpful information
******************************


******************************
DYNAMIC SOLVER FAILED:
  use showHints=True to show helpful information
******************************


******************************
DYNAMIC SOLVER FAILED:
  use showHints=True to show helpful information
******************************


******************************
DYNAMIC SOLVER FAILED:
  use showHints=True to show helpful information
******************************


******************************
DYNAMIC SOLVER FAILED:
  use showHints=True to show helpful information
******************************


******************************
DYNAMIC SOLVER FAILED:
  use showHints=True to show helpful information
******************************


******************************
DYNAMIC SOLVER FAILED:
  use showHints=True to show helpful information
******************************


******************************
DYNAMIC SOLVER FAILED:
  use showHints=True to show helpful information
******************************


******************************
DYNAMIC SOLVER FAILED:
  use showHints=True to show helpful information
******************************


******************************
DYNAMIC SOLVER FAILED:
  use showHints=True to show helpful information
******************************


******************************
DYNAMIC SOLVER FAILED:
  use showHints=True to show helpful information
******************************


******************************
DYNAMIC SOLVER FAILED:
  use showHints=True to show helpful information
******************************


******************************
DYNAMIC SOLVER FAILED:
  use showHints=True to show helpful information
******************************


******************************
DYNAMIC SOLVER FAILED:
  use showHints=True to show helpful information
******************************


******************************
DYNAMIC SOLVER FAILED:
  use showHints=True to show helpful information
******************************


******************************
DYNAMIC SOLVER FAILED:
  use showHints=True to show helpful information
******************************


******************************
DYNAMIC SOLVER FAILED:
  use showHints=True to show helpful information
******************************


******************************
DYNAMIC SOLVER FAILED:
  use showHints=True to show helpful information
******************************


******************************
DYNAMIC SOLVER FAILED:
  use showHints=True to show helpful information
******************************


******************************
DYNAMIC SOLVER FAILED:
  use showHints=True to show helpful information
******************************


******************************
DYNAMIC SOLVER FAILED:
  use showHints=True to show helpful information
******************************


******************************
DYNAMIC SOLVER FAILED:
  use showHints=True to show helpful information
******************************


******************************
DYNAMIC SOLVER FAILED:
  use showHints=True to show helpful information
******************************


******************************
DYNAMIC SOLVER FAILED:
  use showHints=True to show helpful information
******************************


******************************
DYNAMIC SOLVER FAILED:
  use showHints=True to show helpful information
******************************


******************************
DYNAMIC SOLVER FAILED:
  use showHints=True to show helpful information
******************************


******************************
DYNAMIC SOLVER FAILED:
  use showHints=True to show helpful information
******************************


******************************
DYNAMIC SOLVER FAILED:
  use showHints=True to show helpful information
******************************


******************************
DYNAMIC SOLVER FAILED:
  use showHints=True to show helpful information
******************************


******************************
DYNAMIC SOLVER FAILED:
  use showHints=True to show helpful information
******************************


******************************
DYNAMIC SOLVER FAILED:
  use showHints=True to show helpful information
******************************


******************************
DYNAMIC SOLVER FAILED:
  use showHints=True to show helpful information
******************************


******************************
DYNAMIC SOLVER FAILED:
  use showHints=True to show helpful information
******************************


******************************
DYNAMIC SOLVER FAILED:
  use showHints=True to show helpful information
******************************


******************************
DYNAMIC SOLVER FAILED:
  use showHints=True to show helpful information
******************************


******************************
DYNAMIC SOLVER FAILED:
  use showHints=True to show helpful information
******************************


******************************
DYNAMIC SOLVER FAILED:
  use showHints=True to show helpful information
******************************


******************************
DYNAMIC SOLVER FAILED:
  use showHints=True to show helpful information
******************************


******************************
DYNAMIC SOLVER FAILED:
  use showHints=True to show helpful information
******************************


******************************
DYNAMIC SOLVER FAILED:
  use showHints=True to show helpful information
******************************


******************************
DYNAMIC SOLVER FAILED:
  use showHints=True to show helpful information
******************************


******************************
DYNAMIC SOLVER FAILED:
  use showHints=True to show helpful information
******************************


******************************
DYNAMIC SOLVER FAILED:
  use showHints=True to show helpful information
******************************


******************************
DYNAMIC SOLVER FAILED:
  use showHints=True to show helpful information
******************************


******************************
DYNAMIC SOLVER FAILED:
  use showHints=True to show helpful information
******************************


******************************
DYNAMIC SOLVER FAILED:
  use showHints=True to show helpful information
******************************


******************************
DYNAMIC SOLVER FAILED:
  use showHints=True to show helpful information
******************************


******************************
DYNAMIC SOLVER FAILED:
  use showHints=True to show helpful information
******************************


******************************
DYNAMIC SOLVER FAILED:
  use showHints=True to show helpful information
******************************


******************************
DYNAMIC SOLVER FAILED:
  use showHints=True to show helpful information
******************************


******************************
DYNAMIC SOLVER FAILED:
  use showHints=True to show helpful information
******************************


******************************
DYNAMIC SOLVER FAILED:
  use showHints=True to show helpful information
******************************


******************************
DYNAMIC SOLVER FAILED:
  use showHints=True to show helpful information
******************************


******************************
DYNAMIC SOLVER FAILED:
  use showHints=True to show helpful information
******************************


******************************
DYNAMIC SOLVER FAILED:
  use showHints=True to show helpful information
******************************


******************************
DYNAMIC SOLVER FAILED:
  use showHints=True to show helpful information
******************************


******************************
DYNAMIC SOLVER FAILED:
  use showHints=True to show helpful information
******************************


******************************
DYNAMIC SOLVER FAILED:
  use showHints=True to show helpful information
******************************


******************************
DYNAMIC SOLVER FAILED:
  use showHints=True to show helpful information
******************************


******************************
DYNAMIC SOLVER FAILED:
  use showHints=True to show helpful information
******************************


******************************
DYNAMIC SOLVER FAILED:
  use showHints=True to show helpful information
******************************


******************************
DYNAMIC SOLVER FAILED:
  use showHints=True to show helpful information
******************************


******************************
DYNAMIC SOLVER FAILED:
  use showHints=True to show helpful information
******************************


******************************
DYNAMIC SOLVER FAILED:
  use showHints=True to show helpful information
******************************


******************************
DYNAMIC SOLVER FAILED:
  use showHints=True to show helpful information
******************************


******************************
DYNAMIC SOLVER FAILED:
  use showHints=True to show helpful information
******************************


******************************
DYNAMIC SOLVER FAILED:
  use showHints=True to show helpful information
******************************

[turf1.2] 完成 (1037s)
[turf1.2] → outputs/v25_bird_e18b/e18b_turf1.2.json
  臂           2.0   2.4   3.0   3.6   4.4   5.4   6.6   8.1   9.9  12.1  14.7  18.0  22.0  26.8  32.8  40.0
  bio          11    12    18    24    33    45    56    58    60    57    60    56    57    54    47    40
  geo          12    14    21    25    34    39    49    53    53    50    54    51    48    46    46    41
  elastic      17    16    19    23    27    37    48    45    44    44    41    41    38    37    31    29
  none         18    17    23    23    27    31    31    25    19    15    10     7     2     2     2     0

[wetsand1.2] 4臂 × 9u × 16级 × 48探针 = 27648 次评价

******************************
DYNAMIC SOLVER FAILED:
  use showHints=True to show helpful information
******************************


******************************
DYNAMIC SOLVER FAILED:
  use showHints=True to show helpful information
******************************


******************************
DYNAMIC SOLVER FAILED:
  use showHints=True to show helpful information
******************************


******************************
DYNAMIC SOLVER FAILED:
  use showHints=True to show helpful information
******************************


******************************
DYNAMIC SOLVER FAILED:
  use showHints=True to show helpful information
******************************


******************************
DYNAMIC SOLVER FAILED:
  use showHints=True to show helpful information
******************************


******************************
DYNAMIC SOLVER FAILED:
  use showHints=True to show helpful information
******************************


******************************
DYNAMIC SOLVER FAILED:
  use showHints=True to show helpful information
******************************


******************************
DYNAMIC SOLVER FAILED:
  use showHints=True to show helpful information
******************************


******************************
DYNAMIC SOLVER FAILED:
  use showHints=True to show helpful information
******************************


******************************
DYNAMIC SOLVER FAILED:
  use showHints=True to show helpful information
******************************


******************************
DYNAMIC SOLVER FAILED:
  use showHints=True to show helpful information
******************************


******************************
DYNAMIC SOLVER FAILED:
  use showHints=True to show helpful information
******************************


******************************
DYNAMIC SOLVER FAILED:
  use showHints=True to show helpful information
******************************


******************************
DYNAMIC SOLVER FAILED:
  use showHints=True to show helpful information
******************************


******************************
DYNAMIC SOLVER FAILED:
  use showHints=True to show helpful information
******************************


******************************
DYNAMIC SOLVER FAILED:
  use showHints=True to show helpful information
******************************


******************************
DYNAMIC SOLVER FAILED:
  use showHints=True to show helpful information
******************************


******************************
DYNAMIC SOLVER FAILED:
  use showHints=True to show helpful information
******************************


******************************
DYNAMIC SOLVER FAILED:
  use showHints=True to show helpful information
******************************


******************************
DYNAMIC SOLVER FAILED:
  use showHints=True to show helpful information
******************************


******************************
DYNAMIC SOLVER FAILED:
  use showHints=True to show helpful information
******************************


******************************
DYNAMIC SOLVER FAILED:
  use showHints=True to show helpful information
******************************


******************************
DYNAMIC SOLVER FAILED:
  use showHints=True to show helpful information
******************************


******************************
DYNAMIC SOLVER FAILED:
  use showHints=True to show helpful information
******************************


******************************
DYNAMIC SOLVER FAILED:
  use showHints=True to show helpful information
******************************


******************************
DYNAMIC SOLVER FAILED:
  use showHints=True to show helpful information
******************************


******************************
DYNAMIC SOLVER FAILED:
  use showHints=True to show helpful information
******************************


******************************
DYNAMIC SOLVER FAILED:
  use showHints=True to show helpful information
******************************

[wetsand1.2] 完成 (1003s)
[wetsand1.2] → outputs/v25_bird_e18b/e18b_wetsand1.2.json
  臂           2.0   2.4   3.0   3.6   4.4   5.4   6.6   8.1   9.9  12.1  14.7  18.0  22.0  26.8  32.8  40.0
  bio          22    31    47    61    65    73    74    72    74    74    72    73    68    60    50    37
  geo          23    35    49    62    67    70    67    69    69    72    71    67    63    55    47    33
  elastic      25    34    45    66    63    66    65    62    60    61    58    55    51    42    35    25
  none         35    41    52    61    57    54    45    39    34    28    20    11     3     0     0     0

[concrete1.5] 4臂 × 9u × 16级 × 48探针 = 27648 次评价

******************************
DYNAMIC SOLVER FAILED:
  use showHints=True to show helpful information
******************************


******************************
DYNAMIC SOLVER FAILED:
  use showHints=True to show helpful information
******************************


******************************
DYNAMIC SOLVER FAILED:
  use showHints=True to show helpful information
******************************


******************************
DYNAMIC SOLVER FAILED:
  use showHints=True to show helpful information
******************************


******************************
DYNAMIC SOLVER FAILED:
  use showHints=True to show helpful information
******************************


******************************
DYNAMIC SOLVER FAILED:
  use showHints=True to show helpful information
******************************


******************************
DYNAMIC SOLVER FAILED:
  use showHints=True to show helpful information
******************************


******************************
DYNAMIC SOLVER FAILED:
  use showHints=True to show helpful information
******************************


******************************
DYNAMIC SOLVER FAILED:
  use showHints=True to show helpful information
******************************


******************************
DYNAMIC SOLVER FAILED:
  use showHints=True to show helpful information
******************************


******************************
DYNAMIC SOLVER FAILED:
  use showHints=True to show helpful information
******************************


******************************
DYNAMIC SOLVER FAILED:
  use showHints=True to show helpful information
******************************


******************************
DYNAMIC SOLVER FAILED:
  use showHints=True to show helpful information
******************************


******************************
DYNAMIC SOLVER FAILED:
  use showHints=True to show helpful information
******************************


******************************
DYNAMIC SOLVER FAILED:
  use showHints=True to show helpful information
******************************


******************************
DYNAMIC SOLVER FAILED:
  use showHints=True to show helpful information
******************************


******************************
DYNAMIC SOLVER FAILED:
  use showHints=True to show helpful information
******************************


******************************
DYNAMIC SOLVER FAILED:
  use showHints=True to show helpful information
******************************


******************************
DYNAMIC SOLVER FAILED:
  use showHints=True to show helpful information
******************************


******************************
DYNAMIC SOLVER FAILED:
  use showHints=True to show helpful information
******************************


******************************
DYNAMIC SOLVER FAILED:
  use showHints=True to show helpful information
******************************


******************************
DYNAMIC SOLVER FAILED:
  use showHints=True to show helpful information
******************************


******************************
DYNAMIC SOLVER FAILED:
  use showHints=True to show helpful information
******************************


******************************
DYNAMIC SOLVER FAILED:
  use showHints=True to show helpful information
******************************


******************************
DYNAMIC SOLVER FAILED:
  use showHints=True to show helpful information
******************************


******************************
DYNAMIC SOLVER FAILED:
  use showHints=True to show helpful information
******************************


******************************
DYNAMIC SOLVER FAILED:
  use showHints=True to show helpful information
******************************


******************************
DYNAMIC SOLVER FAILED:
  use showHints=True to show helpful information
******************************


******************************
DYNAMIC SOLVER FAILED:
  use showHints=True to show helpful information
******************************


******************************
DYNAMIC SOLVER FAILED:
  use showHints=True to show helpful information
******************************


******************************
DYNAMIC SOLVER FAILED:
  use showHints=True to show helpful information
******************************


******************************
DYNAMIC SOLVER FAILED:
  use showHints=True to show helpful information
******************************


******************************
DYNAMIC SOLVER FAILED:
  use showHints=True to show helpful information
******************************


******************************
DYNAMIC SOLVER FAILED:
  use showHints=True to show helpful information
******************************


******************************
DYNAMIC SOLVER FAILED:
  use showHints=True to show helpful information
******************************


******************************
DYNAMIC SOLVER FAILED:
  use showHints=True to show helpful information
******************************


******************************
DYNAMIC SOLVER FAILED:
  use showHints=True to show helpful information
******************************


******************************
DYNAMIC SOLVER FAILED:
  use showHints=True to show helpful information
******************************


******************************
DYNAMIC SOLVER FAILED:
  use showHints=True to show helpful information
******************************


******************************
DYNAMIC SOLVER FAILED:
  use showHints=True to show helpful information
******************************


******************************
DYNAMIC SOLVER FAILED:
  use showHints=True to show helpful information
******************************


******************************
DYNAMIC SOLVER FAILED:
  use showHints=True to show helpful information
******************************


******************************
DYNAMIC SOLVER FAILED:
  use showHints=True to show helpful information
******************************


******************************
DYNAMIC SOLVER FAILED:
  use showHints=True to show helpful information
******************************


******************************
DYNAMIC SOLVER FAILED:
  use showHints=True to show helpful information
******************************


******************************
DYNAMIC SOLVER FAILED:
  use showHints=True to show helpful information
******************************


******************************
DYNAMIC SOLVER FAILED:
  use showHints=True to show helpful information
******************************


******************************
DYNAMIC SOLVER FAILED:
  use showHints=True to show helpful information
******************************


******************************
DYNAMIC SOLVER FAILED:
  use showHints=True to show helpful information
******************************


******************************
DYNAMIC SOLVER FAILED:
  use showHints=True to show helpful information
******************************


******************************
DYNAMIC SOLVER FAILED:
  use showHints=True to show helpful information
******************************


******************************
DYNAMIC SOLVER FAILED:
  use showHints=True to show helpful information
******************************


******************************
DYNAMIC SOLVER FAILED:
  use showHints=True to show helpful information
******************************


******************************
DYNAMIC SOLVER FAILED:
  use showHints=True to show helpful information
******************************


******************************
DYNAMIC SOLVER FAILED:
  use showHints=True to show helpful information
******************************


******************************
DYNAMIC SOLVER FAILED:
  use showHints=True to show helpful information
******************************


******************************
DYNAMIC SOLVER FAILED:
  use showHints=True to show helpful information
******************************


******************************
DYNAMIC SOLVER FAILED:
  use showHints=True to show helpful information
******************************


******************************
DYNAMIC SOLVER FAILED:
  use showHints=True to show helpful information
******************************


******************************
DYNAMIC SOLVER FAILED:
  use showHints=True to show helpful information
******************************


******************************
DYNAMIC SOLVER FAILED:
  use showHints=True to show helpful information
******************************


******************************
DYNAMIC SOLVER FAILED:
  use showHints=True to show helpful information
******************************


******************************
DYNAMIC SOLVER FAILED:
  use showHints=True to show helpful information
******************************


******************************
DYNAMIC SOLVER FAILED:
  use showHints=True to show helpful information
******************************


******************************
DYNAMIC SOLVER FAILED:
  use showHints=True to show helpful information
******************************


******************************
DYNAMIC SOLVER FAILED:
  use showHints=True to show helpful information
******************************


******************************
DYNAMIC SOLVER FAILED:
  use showHints=True to show helpful information
******************************


******************************
DYNAMIC SOLVER FAILED:
  use showHints=True to show helpful information
******************************


******************************
DYNAMIC SOLVER FAILED:
  use showHints=True to show helpful information
******************************


******************************
DYNAMIC SOLVER FAILED:
  use showHints=True to show helpful information
******************************


******************************
DYNAMIC SOLVER FAILED:
  use showHints=True to show helpful information
******************************


******************************
DYNAMIC SOLVER FAILED:
  use showHints=True to show helpful information
******************************


******************************
DYNAMIC SOLVER FAILED:
  use showHints=True to show helpful information
******************************


******************************
DYNAMIC SOLVER FAILED:
  use showHints=True to show helpful information
******************************


******************************
DYNAMIC SOLVER FAILED:
  use showHints=True to show helpful information
******************************


******************************
DYNAMIC SOLVER FAILED:
  use showHints=True to show helpful information
******************************


******************************
DYNAMIC SOLVER FAILED:
  use showHints=True to show helpful information
******************************


******************************
DYNAMIC SOLVER FAILED:
  use showHints=True to show helpful information
******************************


******************************
DYNAMIC SOLVER FAILED:
  use showHints=True to show helpful information
******************************


******************************
DYNAMIC SOLVER FAILED:
  use showHints=True to show helpful information
******************************


******************************
DYNAMIC SOLVER FAILED:
  use showHints=True to show helpful information
******************************


******************************
DYNAMIC SOLVER FAILED:
  use showHints=True to show helpful information
******************************


******************************
DYNAMIC SOLVER FAILED:
  use showHints=True to show helpful information
******************************


******************************
DYNAMIC SOLVER FAILED:
  use showHints=True to show helpful information
******************************


******************************
DYNAMIC SOLVER FAILED:
  use showHints=True to show helpful information
******************************


******************************
DYNAMIC SOLVER FAILED:
  use showHints=True to show helpful information
******************************


******************************
DYNAMIC SOLVER FAILED:
  use showHints=True to show helpful information
******************************


******************************
DYNAMIC SOLVER FAILED:
  use showHints=True to show helpful information
******************************


******************************
DYNAMIC SOLVER FAILED:
  use showHints=True to show helpful information
******************************


******************************
DYNAMIC SOLVER FAILED:
  use showHints=True to show helpful information
******************************


******************************
DYNAMIC SOLVER FAILED:
  use showHints=True to show helpful information
******************************


******************************
DYNAMIC SOLVER FAILED:
  use showHints=True to show helpful information
******************************


******************************
DYNAMIC SOLVER FAILED:
  use showHints=True to show helpful information
******************************


******************************
DYNAMIC SOLVER FAILED:
  use showHints=True to show helpful information
******************************


******************************
DYNAMIC SOLVER FAILED:
  use showHints=True to show helpful information
******************************


******************************
DYNAMIC SOLVER FAILED:
  use showHints=True to show helpful information
******************************


******************************
DYNAMIC SOLVER FAILED:
  use showHints=True to show helpful information
******************************


******************************
DYNAMIC SOLVER FAILED:
  use showHints=True to show helpful information
******************************


******************************
DYNAMIC SOLVER FAILED:
  use showHints=True to show helpful information
******************************


******************************
DYNAMIC SOLVER FAILED:
  use showHints=True to show helpful information
******************************

[concrete1.5] 完成 (940s)
[concrete1.5] → outputs/v25_bird_e18b/e18b_concrete1.5.json
  臂           2.0   2.4   3.0   3.6   4.4   5.4   6.6   8.1   9.9  12.1  14.7  18.0  22.0  26.8  32.8  40.0
  bio           1     1     1     2     3     3     2     2     1     1     1     1     0     0     0     0
  geo           1     1     2     3     2     1     3     1     2     0     1     0     1     0     1     0
  elastic       2     1     1     0     2     2     1     2     1     1     1     0     0     0     1     0
  none          1     2     2     2     2     1     1     1     0     0     0     0     0     0     0     0

[turf2.0] 4臂 × 9u × 16级 × 48探针 = 27648 次评价

******************************
DYNAMIC SOLVER FAILED:
  use showHints=True to show helpful information
******************************


******************************
DYNAMIC SOLVER FAILED:
  use showHints=True to show helpful information
******************************


******************************
DYNAMIC SOLVER FAILED:
  use showHints=True to show helpful information
******************************


******************************
DYNAMIC SOLVER FAILED:
  use showHints=True to show helpful information
******************************


******************************
DYNAMIC SOLVER FAILED:
  use showHints=True to show helpful information
******************************


******************************
DYNAMIC SOLVER FAILED:
  use showHints=True to show helpful information
******************************


******************************
DYNAMIC SOLVER FAILED:
  use showHints=True to show helpful information
******************************


******************************
DYNAMIC SOLVER FAILED:
  use showHints=True to show helpful information
******************************


******************************
DYNAMIC SOLVER FAILED:
  use showHints=True to show helpful information
******************************


******************************
DYNAMIC SOLVER FAILED:
  use showHints=True to show helpful information
******************************


******************************
DYNAMIC SOLVER FAILED:
  use showHints=True to show helpful information
******************************


******************************
DYNAMIC SOLVER FAILED:
  use showHints=True to show helpful information
******************************


******************************
DYNAMIC SOLVER FAILED:
  use showHints=True to show helpful information
******************************


******************************
DYNAMIC SOLVER FAILED:
  use showHints=True to show helpful information
******************************


******************************
DYNAMIC SOLVER FAILED:
  use showHints=True to show helpful information
******************************


******************************
DYNAMIC SOLVER FAILED:
  use showHints=True to show helpful information
******************************


******************************
DYNAMIC SOLVER FAILED:
  use showHints=True to show helpful information
******************************


******************************
DYNAMIC SOLVER FAILED:
  use showHints=True to show helpful information
******************************


******************************
DYNAMIC SOLVER FAILED:
  use showHints=True to show helpful information
******************************


******************************
DYNAMIC SOLVER FAILED:
  use showHints=True to show helpful information
******************************


******************************
DYNAMIC SOLVER FAILED:
  use showHints=True to show helpful information
******************************


******************************
DYNAMIC SOLVER FAILED:
  use showHints=True to show helpful information
******************************


******************************
DYNAMIC SOLVER FAILED:
  use showHints=True to show helpful information
******************************


******************************
DYNAMIC SOLVER FAILED:
  use showHints=True to show helpful information
******************************


******************************
DYNAMIC SOLVER FAILED:
  use showHints=True to show helpful information
******************************


******************************
DYNAMIC SOLVER FAILED:
  use showHints=True to show helpful information
******************************


******************************
DYNAMIC SOLVER FAILED:
  use showHints=True to show helpful information
******************************


******************************
DYNAMIC SOLVER FAILED:
  use showHints=True to show helpful information
******************************


******************************
DYNAMIC SOLVER FAILED:
  use showHints=True to show helpful information
******************************


******************************
DYNAMIC SOLVER FAILED:
  use showHints=True to show helpful information
******************************


******************************
DYNAMIC SOLVER FAILED:
  use showHints=True to show helpful information
******************************


******************************
DYNAMIC SOLVER FAILED:
  use showHints=True to show helpful information
******************************


******************************
DYNAMIC SOLVER FAILED:
  use showHints=True to show helpful information
******************************


******************************
DYNAMIC SOLVER FAILED:
  use showHints=True to show helpful information
******************************


******************************
DYNAMIC SOLVER FAILED:
  use showHints=True to show helpful information
******************************


******************************
DYNAMIC SOLVER FAILED:
  use showHints=True to show helpful information
******************************


******************************
DYNAMIC SOLVER FAILED:
  use showHints=True to show helpful information
******************************


******************************
DYNAMIC SOLVER FAILED:
  use showHints=True to show helpful information
******************************


******************************
DYNAMIC SOLVER FAILED:
  use showHints=True to show helpful information
******************************


******************************
DYNAMIC SOLVER FAILED:
  use showHints=True to show helpful information
******************************


******************************
DYNAMIC SOLVER FAILED:
  use showHints=True to show helpful information
******************************


******************************
DYNAMIC SOLVER FAILED:
  use showHints=True to show helpful information
******************************


******************************
DYNAMIC SOLVER FAILED:
  use showHints=True to show helpful information
******************************


******************************
DYNAMIC SOLVER FAILED:
  use showHints=True to show helpful information
******************************


******************************
DYNAMIC SOLVER FAILED:
  use showHints=True to show helpful information
******************************


******************************
DYNAMIC SOLVER FAILED:
  use showHints=True to show helpful information
******************************


******************************
DYNAMIC SOLVER FAILED:
  use showHints=True to show helpful information
******************************


******************************
DYNAMIC SOLVER FAILED:
  use showHints=True to show helpful information
******************************


******************************
DYNAMIC SOLVER FAILED:
  use showHints=True to show helpful information
******************************


******************************
DYNAMIC SOLVER FAILED:
  use showHints=True to show helpful information
******************************


******************************
DYNAMIC SOLVER FAILED:
  use showHints=True to show helpful information
******************************


******************************
DYNAMIC SOLVER FAILED:
  use showHints=True to show helpful information
******************************


******************************
DYNAMIC SOLVER FAILED:
  use showHints=True to show helpful information
******************************


******************************
DYNAMIC SOLVER FAILED:
  use showHints=True to show helpful information
******************************


******************************
DYNAMIC SOLVER FAILED:
  use showHints=True to show helpful information
******************************


******************************
DYNAMIC SOLVER FAILED:
  use showHints=True to show helpful information
******************************


******************************
DYNAMIC SOLVER FAILED:
  use showHints=True to show helpful information
******************************


******************************
DYNAMIC SOLVER FAILED:
  use showHints=True to show helpful information
******************************


******************************
DYNAMIC SOLVER FAILED:
  use showHints=True to show helpful information
******************************


******************************
DYNAMIC SOLVER FAILED:
  use showHints=True to show helpful information
******************************


******************************
DYNAMIC SOLVER FAILED:
  use showHints=True to show helpful information
******************************


******************************
DYNAMIC SOLVER FAILED:
  use showHints=True to show helpful information
******************************


******************************
DYNAMIC SOLVER FAILED:
  use showHints=True to show helpful information
******************************


******************************
DYNAMIC SOLVER FAILED:
  use showHints=True to show helpful information
******************************


******************************
DYNAMIC SOLVER FAILED:
  use showHints=True to show helpful information
******************************


******************************
DYNAMIC SOLVER FAILED:
  use showHints=True to show helpful information
******************************


******************************
DYNAMIC SOLVER FAILED:
  use showHints=True to show helpful information
******************************


******************************
DYNAMIC SOLVER FAILED:
  use showHints=True to show helpful information
******************************


******************************
DYNAMIC SOLVER FAILED:
  use showHints=True to show helpful information
******************************


******************************
DYNAMIC SOLVER FAILED:
  use showHints=True to show helpful information
******************************


******************************
DYNAMIC SOLVER FAILED:
  use showHints=True to show helpful information
******************************


******************************
DYNAMIC SOLVER FAILED:
  use showHints=True to show helpful information
******************************


******************************
DYNAMIC SOLVER FAILED:
  use showHints=True to show helpful information
******************************


******************************
DYNAMIC SOLVER FAILED:
  use showHints=True to show helpful information
******************************


******************************
DYNAMIC SOLVER FAILED:
  use showHints=True to show helpful information
******************************


******************************
DYNAMIC SOLVER FAILED:
  use showHints=True to show helpful information
******************************


******************************
DYNAMIC SOLVER FAILED:
  use showHints=True to show helpful information
******************************


******************************
DYNAMIC SOLVER FAILED:
  use showHints=True to show helpful information
******************************


******************************
DYNAMIC SOLVER FAILED:
  use showHints=True to show helpful information
******************************


******************************
DYNAMIC SOLVER FAILED:
  use showHints=True to show helpful information
******************************


******************************
DYNAMIC SOLVER FAILED:
  use showHints=True to show helpful information
******************************


******************************
DYNAMIC SOLVER FAILED:
  use showHints=True to show helpful information
******************************


******************************
DYNAMIC SOLVER FAILED:
  use showHints=True to show helpful information
******************************


******************************
DYNAMIC SOLVER FAILED:
  use showHints=True to show helpful information
******************************


******************************
DYNAMIC SOLVER FAILED:
  use showHints=True to show helpful information
******************************


******************************
DYNAMIC SOLVER FAILED:
  use showHints=True to show helpful information
******************************


******************************
DYNAMIC SOLVER FAILED:
  use showHints=True to show helpful information
******************************


******************************
DYNAMIC SOLVER FAILED:
  use showHints=True to show helpful information
******************************


******************************
DYNAMIC SOLVER FAILED:
  use showHints=True to show helpful information
******************************


******************************
DYNAMIC SOLVER FAILED:
  use showHints=True to show helpful information
******************************


******************************
DYNAMIC SOLVER FAILED:
  use showHints=True to show helpful information
******************************


******************************
DYNAMIC SOLVER FAILED:
  use showHints=True to show helpful information
******************************


******************************
DYNAMIC SOLVER FAILED:
  use showHints=True to show helpful information
******************************


******************************
DYNAMIC SOLVER FAILED:
  use showHints=True to show helpful information
******************************


******************************
DYNAMIC SOLVER FAILED:
  use showHints=True to show helpful information
******************************


******************************
DYNAMIC SOLVER FAILED:
  use showHints=True to show helpful information
******************************


******************************
DYNAMIC SOLVER FAILED:
  use showHints=True to show helpful information
******************************


******************************
DYNAMIC SOLVER FAILED:
  use showHints=True to show helpful information
******************************


******************************
DYNAMIC SOLVER FAILED:
  use showHints=True to show helpful information
******************************


******************************
DYNAMIC SOLVER FAILED:
  use showHints=True to show helpful information
******************************


******************************
DYNAMIC SOLVER FAILED:
  use showHints=True to show helpful information
******************************


******************************
DYNAMIC SOLVER FAILED:
  use showHints=True to show helpful information
******************************


******************************
DYNAMIC SOLVER FAILED:
  use showHints=True to show helpful information
******************************


******************************
DYNAMIC SOLVER FAILED:
  use showHints=True to show helpful information
******************************


******************************
DYNAMIC SOLVER FAILED:
  use showHints=True to show helpful information
******************************


******************************
DYNAMIC SOLVER FAILED:
  use showHints=True to show helpful information
******************************


******************************
DYNAMIC SOLVER FAILED:
  use showHints=True to show helpful information
******************************


******************************
DYNAMIC SOLVER FAILED:
  use showHints=True to show helpful information
******************************


******************************
DYNAMIC SOLVER FAILED:
  use showHints=True to show helpful information
******************************


******************************
DYNAMIC SOLVER FAILED:
  use showHints=True to show helpful information
******************************


******************************
DYNAMIC SOLVER FAILED:
  use showHints=True to show helpful information
******************************


******************************
DYNAMIC SOLVER FAILED:
  use showHints=True to show helpful information
******************************


******************************
DYNAMIC SOLVER FAILED:
  use showHints=True to show helpful information
******************************


******************************
DYNAMIC SOLVER FAILED:
  use showHints=True to show helpful information
******************************


******************************
DYNAMIC SOLVER FAILED:
  use showHints=True to show helpful information
******************************


******************************
DYNAMIC SOLVER FAILED:
  use showHints=True to show helpful information
******************************


******************************
DYNAMIC SOLVER FAILED:
  use showHints=True to show helpful information
******************************


******************************
DYNAMIC SOLVER FAILED:
  use showHints=True to show helpful information
******************************


******************************
DYNAMIC SOLVER FAILED:
  use showHints=True to show helpful information
******************************


******************************
DYNAMIC SOLVER FAILED:
  use showHints=True to show helpful information
******************************


******************************
DYNAMIC SOLVER FAILED:
  use showHints=True to show helpful information
******************************


******************************
DYNAMIC SOLVER FAILED:
  use showHints=True to show helpful information
******************************


******************************
DYNAMIC SOLVER FAILED:
  use showHints=True to show helpful information
******************************


******************************
DYNAMIC SOLVER FAILED:
  use showHints=True to show helpful information
******************************


******************************
DYNAMIC SOLVER FAILED:
  use showHints=True to show helpful information
******************************


******************************
DYNAMIC SOLVER FAILED:
  use showHints=True to show helpful information
******************************


******************************
DYNAMIC SOLVER FAILED:
  use showHints=True to show helpful information
******************************


******************************
DYNAMIC SOLVER FAILED:
  use showHints=True to show helpful information
******************************


******************************
DYNAMIC SOLVER FAILED:
  use showHints=True to show helpful information
******************************


******************************
DYNAMIC SOLVER FAILED:
  use showHints=True to show helpful information
******************************


******************************
DYNAMIC SOLVER FAILED:
  use showHints=True to show helpful information
******************************


******************************
DYNAMIC SOLVER FAILED:
  use showHints=True to show helpful information
******************************


******************************
DYNAMIC SOLVER FAILED:
  use showHints=True to show helpful information
******************************


******************************
DYNAMIC SOLVER FAILED:
  use showHints=True to show helpful information
******************************


******************************
DYNAMIC SOLVER FAILED:
  use showHints=True to show helpful information
******************************


******************************
DYNAMIC SOLVER FAILED:
  use showHints=True to show helpful information
******************************


******************************
DYNAMIC SOLVER FAILED:
  use showHints=True to show helpful information
******************************


******************************
DYNAMIC SOLVER FAILED:
  use showHints=True to show helpful information
******************************


******************************
DYNAMIC SOLVER FAILED:
  use showHints=True to show helpful information
******************************


******************************
DYNAMIC SOLVER FAILED:
  use showHints=True to show helpful information
******************************


******************************
DYNAMIC SOLVER FAILED:
  use showHints=True to show helpful information
******************************


******************************
DYNAMIC SOLVER FAILED:
  use showHints=True to show helpful information
******************************


******************************
DYNAMIC SOLVER FAILED:
  use showHints=True to show helpful information
******************************


******************************
DYNAMIC SOLVER FAILED:
  use showHints=True to show helpful information
******************************


******************************
DYNAMIC SOLVER FAILED:
  use showHints=True to show helpful information
******************************


******************************
DYNAMIC SOLVER FAILED:
  use showHints=True to show helpful information
******************************


******************************
DYNAMIC SOLVER FAILED:
  use showHints=True to show helpful information
******************************


******************************
DYNAMIC SOLVER FAILED:
  use showHints=True to show helpful information
******************************


******************************
DYNAMIC SOLVER FAILED:
  use showHints=True to show helpful information
******************************


******************************
DYNAMIC SOLVER FAILED:
  use showHints=True to show helpful information
******************************


******************************
DYNAMIC SOLVER FAILED:
  use showHints=True to show helpful information
******************************


******************************
DYNAMIC SOLVER FAILED:
  use showHints=True to show helpful information
******************************


******************************
DYNAMIC SOLVER FAILED:
  use showHints=True to show helpful information
******************************


******************************
DYNAMIC SOLVER FAILED:
  use showHints=True to show helpful information
******************************


******************************
DYNAMIC SOLVER FAILED:
  use showHints=True to show helpful information
******************************


******************************
DYNAMIC SOLVER FAILED:
  use showHints=True to show helpful information
******************************


******************************
DYNAMIC SOLVER FAILED:
  use showHints=True to show helpful information
******************************


******************************
DYNAMIC SOLVER FAILED:
  use showHints=True to show helpful information
******************************


******************************
DYNAMIC SOLVER FAILED:
  use showHints=True to show helpful information
******************************


******************************
DYNAMIC SOLVER FAILED:
  use showHints=True to show helpful information
******************************


******************************
DYNAMIC SOLVER FAILED:
  use showHints=True to show helpful information
******************************


******************************
DYNAMIC SOLVER FAILED:
  use showHints=True to show helpful information
******************************


******************************
DYNAMIC SOLVER FAILED:
  use showHints=True to show helpful information
******************************


******************************
DYNAMIC SOLVER FAILED:
  use showHints=True to show helpful information
******************************


******************************
DYNAMIC SOLVER FAILED:
  use showHints=True to show helpful information
******************************


******************************
DYNAMIC SOLVER FAILED:
  use showHints=True to show helpful information
******************************


******************************
DYNAMIC SOLVER FAILED:
  use showHints=True to show helpful information
******************************


******************************
DYNAMIC SOLVER FAILED:
  use showHints=True to show helpful information
******************************


******************************
DYNAMIC SOLVER FAILED:
  use showHints=True to show helpful information
******************************


******************************
DYNAMIC SOLVER FAILED:
  use showHints=True to show helpful information
******************************


******************************
DYNAMIC SOLVER FAILED:
  use showHints=True to show helpful information
******************************


******************************
DYNAMIC SOLVER FAILED:
  use showHints=True to show helpful information
******************************


******************************
DYNAMIC SOLVER FAILED:
  use showHints=True to show helpful information
******************************


******************************
DYNAMIC SOLVER FAILED:
  use showHints=True to show helpful information
******************************


******************************
DYNAMIC SOLVER FAILED:
  use showHints=True to show helpful information
******************************


******************************
DYNAMIC SOLVER FAILED:
  use showHints=True to show helpful information
******************************


******************************
DYNAMIC SOLVER FAILED:
  use showHints=True to show helpful information
******************************


******************************
DYNAMIC SOLVER FAILED:
  use showHints=True to show helpful information
******************************


******************************
DYNAMIC SOLVER FAILED:
  use showHints=True to show helpful information
******************************


******************************
DYNAMIC SOLVER FAILED:
  use showHints=True to show helpful information
******************************


******************************
DYNAMIC SOLVER FAILED:
  use showHints=True to show helpful information
******************************


******************************
DYNAMIC SOLVER FAILED:
  use showHints=True to show helpful information
******************************


******************************
DYNAMIC SOLVER FAILED:
  use showHints=True to show helpful information
******************************


******************************
DYNAMIC SOLVER FAILED:
  use showHints=True to show helpful information
******************************


******************************
DYNAMIC SOLVER FAILED:
  use showHints=True to show helpful information
******************************


******************************
DYNAMIC SOLVER FAILED:
  use showHints=True to show helpful information
******************************


******************************
DYNAMIC SOLVER FAILED:
  use showHints=True to show helpful information
******************************


******************************
DYNAMIC SOLVER FAILED:
  use showHints=True to show helpful information
******************************


******************************
DYNAMIC SOLVER FAILED:
  use showHints=True to show helpful information
******************************


******************************
DYNAMIC SOLVER FAILED:
  use showHints=True to show helpful information
******************************


******************************
DYNAMIC SOLVER FAILED:
  use showHints=True to show helpful information
******************************


******************************
DYNAMIC SOLVER FAILED:
  use showHints=True to show helpful information
******************************


******************************
DYNAMIC SOLVER FAILED:
  use showHints=True to show helpful information
******************************


******************************
DYNAMIC SOLVER FAILED:
  use showHints=True to show helpful information
******************************


******************************
DYNAMIC SOLVER FAILED:
  use showHints=True to show helpful information
******************************


******************************
DYNAMIC SOLVER FAILED:
  use showHints=True to show helpful information
******************************


******************************
DYNAMIC SOLVER FAILED:
  use showHints=True to show helpful information
******************************


******************************
DYNAMIC SOLVER FAILED:
  use showHints=True to show helpful information
******************************


******************************
DYNAMIC SOLVER FAILED:
  use showHints=True to show helpful information
******************************


******************************
DYNAMIC SOLVER FAILED:
  use showHints=True to show helpful information
******************************


******************************
DYNAMIC SOLVER FAILED:
  use showHints=True to show helpful information
******************************


******************************
DYNAMIC SOLVER FAILED:
  use showHints=True to show helpful information
******************************


******************************
DYNAMIC SOLVER FAILED:
  use showHints=True to show helpful information
******************************


******************************
DYNAMIC SOLVER FAILED:
  use showHints=True to show helpful information
******************************


******************************
DYNAMIC SOLVER FAILED:
  use showHints=True to show helpful information
******************************


******************************
DYNAMIC SOLVER FAILED:
  use showHints=True to show helpful information
******************************


******************************
DYNAMIC SOLVER FAILED:
  use showHints=True to show helpful information
******************************


******************************
DYNAMIC SOLVER FAILED:
  use showHints=True to show helpful information
******************************


******************************
DYNAMIC SOLVER FAILED:
  use showHints=True to show helpful information
******************************


******************************
DYNAMIC SOLVER FAILED:
  use showHints=True to show helpful information
******************************


******************************
DYNAMIC SOLVER FAILED:
  use showHints=True to show helpful information
******************************


******************************
DYNAMIC SOLVER FAILED:
  use showHints=True to show helpful information
******************************


******************************
DYNAMIC SOLVER FAILED:
  use showHints=True to show helpful information
******************************


******************************
DYNAMIC SOLVER FAILED:
  use showHints=True to show helpful information
******************************


******************************
DYNAMIC SOLVER FAILED:
  use showHints=True to show helpful information
******************************


******************************
DYNAMIC SOLVER FAILED:
  use showHints=True to show helpful information
******************************


******************************
DYNAMIC SOLVER FAILED:
  use showHints=True to show helpful information
******************************


******************************
DYNAMIC SOLVER FAILED:
  use showHints=True to show helpful information
******************************


******************************
DYNAMIC SOLVER FAILED:
  use showHints=True to show helpful information
******************************


******************************
DYNAMIC SOLVER FAILED:
  use showHints=True to show helpful information
******************************


******************************
DYNAMIC SOLVER FAILED:
  use showHints=True to show helpful information
******************************


******************************
DYNAMIC SOLVER FAILED:
  use showHints=True to show helpful information
******************************


******************************
DYNAMIC SOLVER FAILED:
  use showHints=True to show helpful information
******************************


******************************
DYNAMIC SOLVER FAILED:
  use showHints=True to show helpful information
******************************


******************************
DYNAMIC SOLVER FAILED:
  use showHints=True to show helpful information
******************************


******************************
DYNAMIC SOLVER FAILED:
  use showHints=True to show helpful information
******************************


******************************
DYNAMIC SOLVER FAILED:
  use showHints=True to show helpful information
******************************


******************************
DYNAMIC SOLVER FAILED:
  use showHints=True to show helpful information
******************************


******************************
DYNAMIC SOLVER FAILED:
  use showHints=True to show helpful information
******************************


******************************
DYNAMIC SOLVER FAILED:
  use showHints=True to show helpful information
******************************


******************************
DYNAMIC SOLVER FAILED:
  use showHints=True to show helpful information
******************************


******************************
DYNAMIC SOLVER FAILED:
  use showHints=True to show helpful information
******************************


******************************
DYNAMIC SOLVER FAILED:
  use showHints=True to show helpful information
******************************


******************************
DYNAMIC SOLVER FAILED:
  use showHints=True to show helpful information
******************************


******************************
DYNAMIC SOLVER FAILED:
  use showHints=True to show helpful information
******************************


******************************
DYNAMIC SOLVER FAILED:
  use showHints=True to show helpful information
******************************


******************************
DYNAMIC SOLVER FAILED:
  use showHints=True to show helpful information
******************************


******************************
DYNAMIC SOLVER FAILED:
  use showHints=True to show helpful information
******************************


******************************
DYNAMIC SOLVER FAILED:
  use showHints=True to show helpful information
******************************


******************************
DYNAMIC SOLVER FAILED:
  use showHints=True to show helpful information
******************************


******************************
DYNAMIC SOLVER FAILED:
  use showHints=True to show helpful information
******************************


******************************
DYNAMIC SOLVER FAILED:
  use showHints=True to show helpful information
******************************


******************************
DYNAMIC SOLVER FAILED:
  use showHints=True to show helpful information
******************************


******************************
DYNAMIC SOLVER FAILED:
  use showHints=True to show helpful information
******************************


******************************
DYNAMIC SOLVER FAILED:
  use showHints=True to show helpful information
******************************


******************************
DYNAMIC SOLVER FAILED:
  use showHints=True to show helpful information
******************************


******************************
DYNAMIC SOLVER FAILED:
  use showHints=True to show helpful information
******************************


******************************
DYNAMIC SOLVER FAILED:
  use showHints=True to show helpful information
******************************


******************************
DYNAMIC SOLVER FAILED:
  use showHints=True to show helpful information
******************************


******************************
DYNAMIC SOLVER FAILED:
  use showHints=True to show helpful information
******************************


******************************
DYNAMIC SOLVER FAILED:
  use showHints=True to show helpful information
******************************


******************************
DYNAMIC SOLVER FAILED:
  use showHints=True to show helpful information
******************************


******************************
DYNAMIC SOLVER FAILED:
  use showHints=True to show helpful information
******************************


******************************
DYNAMIC SOLVER FAILED:
  use showHints=True to show helpful information
******************************


******************************
DYNAMIC SOLVER FAILED:
  use showHints=True to show helpful information
******************************


******************************
DYNAMIC SOLVER FAILED:
  use showHints=True to show helpful information
******************************


******************************
DYNAMIC SOLVER FAILED:
  use showHints=True to show helpful information
******************************


******************************
DYNAMIC SOLVER FAILED:
  use showHints=True to show helpful information
******************************


******************************
DYNAMIC SOLVER FAILED:
  use showHints=True to show helpful information
******************************


******************************
DYNAMIC SOLVER FAILED:
  use showHints=True to show helpful information
******************************


******************************
DYNAMIC SOLVER FAILED:
  use showHints=True to show helpful information
******************************


******************************
DYNAMIC SOLVER FAILED:
  use showHints=True to show helpful information
******************************


******************************
DYNAMIC SOLVER FAILED:
  use showHints=True to show helpful information
******************************


******************************
DYNAMIC SOLVER FAILED:
  use showHints=True to show helpful information
******************************


******************************
DYNAMIC SOLVER FAILED:
  use showHints=True to show helpful information
******************************


******************************
DYNAMIC SOLVER FAILED:
  use showHints=True to show helpful information
******************************


******************************
DYNAMIC SOLVER FAILED:
  use showHints=True to show helpful information
******************************


******************************
DYNAMIC SOLVER FAILED:
  use showHints=True to show helpful information
******************************


******************************
DYNAMIC SOLVER FAILED:
  use showHints=True to show helpful information
******************************


******************************
DYNAMIC SOLVER FAILED:
  use showHints=True to show helpful information
******************************


******************************
DYNAMIC SOLVER FAILED:
  use showHints=True to show helpful information
******************************


******************************
DYNAMIC SOLVER FAILED:
  use showHints=True to show helpful information
******************************


******************************
DYNAMIC SOLVER FAILED:
  use showHints=True to show helpful information
******************************


******************************
DYNAMIC SOLVER FAILED:
  use showHints=True to show helpful information
******************************


******************************
DYNAMIC SOLVER FAILED:
  use showHints=True to show helpful information
******************************


******************************
DYNAMIC SOLVER FAILED:
  use showHints=True to show helpful information
******************************


******************************
DYNAMIC SOLVER FAILED:
  use showHints=True to show helpful information
******************************


******************************
DYNAMIC SOLVER FAILED:
  use showHints=True to show helpful information
******************************


******************************
DYNAMIC SOLVER FAILED:
  use showHints=True to show helpful information
******************************


******************************
DYNAMIC SOLVER FAILED:
  use showHints=True to show helpful information
******************************


******************************
DYNAMIC SOLVER FAILED:
  use showHints=True to show helpful information
******************************


******************************
DYNAMIC SOLVER FAILED:
  use showHints=True to show helpful information
******************************


******************************
DYNAMIC SOLVER FAILED:
  use showHints=True to show helpful information
******************************


******************************
DYNAMIC SOLVER FAILED:
  use showHints=True to show helpful information
******************************


******************************
DYNAMIC SOLVER FAILED:
  use showHints=True to show helpful information
******************************


******************************
DYNAMIC SOLVER FAILED:
  use showHints=True to show helpful information
******************************


******************************
DYNAMIC SOLVER FAILED:
  use showHints=True to show helpful information
******************************


******************************
DYNAMIC SOLVER FAILED:
  use showHints=True to show helpful information
******************************


******************************
DYNAMIC SOLVER FAILED:
  use showHints=True to show helpful information
******************************


******************************
DYNAMIC SOLVER FAILED:
  use showHints=True to show helpful information
******************************


******************************
DYNAMIC SOLVER FAILED:
  use showHints=True to show helpful information
******************************


******************************
DYNAMIC SOLVER FAILED:
  use showHints=True to show helpful information
******************************


******************************
DYNAMIC SOLVER FAILED:
  use showHints=True to show helpful information
******************************


******************************
DYNAMIC SOLVER FAILED:
  use showHints=True to show helpful information
******************************


******************************
DYNAMIC SOLVER FAILED:
  use showHints=True to show helpful information
******************************


******************************
DYNAMIC SOLVER FAILED:
  use showHints=True to show helpful information
******************************


******************************
DYNAMIC SOLVER FAILED:
  use showHints=True to show helpful information
******************************


******************************
DYNAMIC SOLVER FAILED:
  use showHints=True to show helpful information
******************************


******************************
DYNAMIC SOLVER FAILED:
  use showHints=True to show helpful information
******************************


******************************
DYNAMIC SOLVER FAILED:
  use showHints=True to show helpful information
******************************


******************************
DYNAMIC SOLVER FAILED:
  use showHints=True to show helpful information
******************************


******************************
DYNAMIC SOLVER FAILED:
  use showHints=True to show helpful information
******************************


******************************
DYNAMIC SOLVER FAILED:
  use showHints=True to show helpful information
******************************


******************************
DYNAMIC SOLVER FAILED:
  use showHints=True to show helpful information
******************************


******************************
DYNAMIC SOLVER FAILED:
  use showHints=True to show helpful information
******************************


******************************
DYNAMIC SOLVER FAILED:
  use showHints=True to show helpful information
******************************


******************************
DYNAMIC SOLVER FAILED:
  use showHints=True to show helpful information
******************************


******************************
DYNAMIC SOLVER FAILED:
  use showHints=True to show helpful information
******************************


******************************
DYNAMIC SOLVER FAILED:
  use showHints=True to show helpful information
******************************


******************************
DYNAMIC SOLVER FAILED:
  use showHints=True to show helpful information
******************************


******************************
DYNAMIC SOLVER FAILED:
  use showHints=True to show helpful information
******************************


******************************
DYNAMIC SOLVER FAILED:
  use showHints=True to show helpful information
******************************


******************************
DYNAMIC SOLVER FAILED:
  use showHints=True to show helpful information
******************************


******************************
DYNAMIC SOLVER FAILED:
  use showHints=True to show helpful information
******************************


******************************
DYNAMIC SOLVER FAILED:
  use showHints=True to show helpful information
******************************


******************************
DYNAMIC SOLVER FAILED:
  use showHints=True to show helpful information
******************************


******************************
DYNAMIC SOLVER FAILED:
  use showHints=True to show helpful information
******************************


******************************
DYNAMIC SOLVER FAILED:
  use showHints=True to show helpful information
******************************


******************************
DYNAMIC SOLVER FAILED:
  use showHints=True to show helpful information
******************************


******************************
DYNAMIC SOLVER FAILED:
  use showHints=True to show helpful information
******************************


******************************
DYNAMIC SOLVER FAILED:
  use showHints=True to show helpful information
******************************


******************************
DYNAMIC SOLVER FAILED:
  use showHints=True to show helpful information
******************************


******************************
DYNAMIC SOLVER FAILED:
  use showHints=True to show helpful information
******************************


******************************
DYNAMIC SOLVER FAILED:
  use showHints=True to show helpful information
******************************


******************************
DYNAMIC SOLVER FAILED:
  use showHints=True to show helpful information
******************************


******************************
DYNAMIC SOLVER FAILED:
  use showHints=True to show helpful information
******************************


******************************
DYNAMIC SOLVER FAILED:
  use showHints=True to show helpful information
******************************


******************************
DYNAMIC SOLVER FAILED:
  use showHints=True to show helpful information
******************************


******************************
DYNAMIC SOLVER FAILED:
  use showHints=True to show helpful information
******************************


******************************
DYNAMIC SOLVER FAILED:
  use showHints=True to show helpful information
******************************


******************************
DYNAMIC SOLVER FAILED:
  use showHints=True to show helpful information
******************************


******************************
DYNAMIC SOLVER FAILED:
  use showHints=True to show helpful information
******************************


******************************
DYNAMIC SOLVER FAILED:
  use showHints=True to show helpful information
******************************


******************************
DYNAMIC SOLVER FAILED:
  use showHints=True to show helpful information
******************************


******************************
DYNAMIC SOLVER FAILED:
  use showHints=True to show helpful information
******************************


******************************
DYNAMIC SOLVER FAILED:
  use showHints=True to show helpful information
******************************


******************************
DYNAMIC SOLVER FAILED:
  use showHints=True to show helpful information
******************************


******************************
DYNAMIC SOLVER FAILED:
  use showHints=True to show helpful information
******************************


******************************
DYNAMIC SOLVER FAILED:
  use showHints=True to show helpful information
******************************


******************************
DYNAMIC SOLVER FAILED:
  use showHints=True to show helpful information
******************************


******************************
DYNAMIC SOLVER FAILED:
  use showHints=True to show helpful information
******************************


******************************
DYNAMIC SOLVER FAILED:
  use showHints=True to show helpful information
******************************


******************************
DYNAMIC SOLVER FAILED:
  use showHints=True to show helpful information
******************************


******************************
DYNAMIC SOLVER FAILED:
  use showHints=True to show helpful information
******************************


******************************
DYNAMIC SOLVER FAILED:
  use showHints=True to show helpful information
******************************


******************************
DYNAMIC SOLVER FAILED:
  use showHints=True to show helpful information
******************************


******************************
DYNAMIC SOLVER FAILED:
  use showHints=True to show helpful information
******************************


******************************
DYNAMIC SOLVER FAILED:
  use showHints=True to show helpful information
******************************


******************************
DYNAMIC SOLVER FAILED:
  use showHints=True to show helpful information
******************************


******************************
DYNAMIC SOLVER FAILED:
  use showHints=True to show helpful information
******************************


******************************
DYNAMIC SOLVER FAILED:
  use showHints=True to show helpful information
******************************


******************************
DYNAMIC SOLVER FAILED:
  use showHints=True to show helpful information
******************************


******************************
DYNAMIC SOLVER FAILED:
  use showHints=True to show helpful information
******************************


******************************
DYNAMIC SOLVER FAILED:
  use showHints=True to show helpful information
******************************


******************************
DYNAMIC SOLVER FAILED:
  use showHints=True to show helpful information
******************************


******************************
DYNAMIC SOLVER FAILED:
  use showHints=True to show helpful information
******************************


******************************
DYNAMIC SOLVER FAILED:
  use showHints=True to show helpful information
******************************


******************************
DYNAMIC SOLVER FAILED:
  use showHints=True to show helpful information
******************************


******************************
DYNAMIC SOLVER FAILED:
  use showHints=True to show helpful information
******************************


******************************
DYNAMIC SOLVER FAILED:
  use showHints=True to show helpful information
******************************

[turf2.0] 完成 (937s)
[turf2.0] → outputs/v25_bird_e18b/e18b_turf2.0.json
  臂           2.0   2.4   3.0   3.6   4.4   5.4   6.6   8.1   9.9  12.1  14.7  18.0  22.0  26.8  32.8  40.0
  bio           0     0     0     0     0     0     1     2     4     4    10    15    16     9     5     2
  geo           0     0     0     0     0     0     0     1     2     4     8    15    10    10     5     3
  elastic       0     0     0     0     0     0     0     0     1     4     8    10     6     4     4     2
  none          0     0     0     0     0     0     1     0     0     1     1     0     0     0     0     0

[wetsand2.0] 4臂 × 9u × 16级 × 48探针 = 27648 次评价

******************************
DYNAMIC SOLVER FAILED:
  use showHints=True to show helpful information
******************************


******************************
DYNAMIC SOLVER FAILED:
  use showHints=True to show helpful information
******************************


******************************
DYNAMIC SOLVER FAILED:
  use showHints=True to show helpful information
******************************


******************************
DYNAMIC SOLVER FAILED:
  use showHints=True to show helpful information
******************************


******************************
DYNAMIC SOLVER FAILED:
  use showHints=True to show helpful information
******************************


******************************
DYNAMIC SOLVER FAILED:
  use showHints=True to show helpful information
******************************


******************************
DYNAMIC SOLVER FAILED:
  use showHints=True to show helpful information
******************************


******************************
DYNAMIC SOLVER FAILED:
  use showHints=True to show helpful information
******************************


******************************
DYNAMIC SOLVER FAILED:
  use showHints=True to show helpful information
******************************


******************************
DYNAMIC SOLVER FAILED:
  use showHints=True to show helpful information
******************************


******************************
DYNAMIC SOLVER FAILED:
  use showHints=True to show helpful information
******************************


******************************
DYNAMIC SOLVER FAILED:
  use showHints=True to show helpful information
******************************


******************************
DYNAMIC SOLVER FAILED:
  use showHints=True to show helpful information
******************************


******************************
DYNAMIC SOLVER FAILED:
  use showHints=True to show helpful information
******************************


******************************
DYNAMIC SOLVER FAILED:
  use showHints=True to show helpful information
******************************


******************************
DYNAMIC SOLVER FAILED:
  use showHints=True to show helpful information
******************************


******************************
DYNAMIC SOLVER FAILED:
  use showHints=True to show helpful information
******************************


******************************
DYNAMIC SOLVER FAILED:
  use showHints=True to show helpful information
******************************


******************************
DYNAMIC SOLVER FAILED:
  use showHints=True to show helpful information
******************************


******************************
DYNAMIC SOLVER FAILED:
  use showHints=True to show helpful information
******************************


******************************
DYNAMIC SOLVER FAILED:
  use showHints=True to show helpful information
******************************


******************************
DYNAMIC SOLVER FAILED:
  use showHints=True to show helpful information
******************************


******************************
DYNAMIC SOLVER FAILED:
  use showHints=True to show helpful information
******************************


******************************
DYNAMIC SOLVER FAILED:
  use showHints=True to show helpful information
******************************


******************************
DYNAMIC SOLVER FAILED:
  use showHints=True to show helpful information
******************************


******************************
DYNAMIC SOLVER FAILED:
  use showHints=True to show helpful information
******************************


******************************
DYNAMIC SOLVER FAILED:
  use showHints=True to show helpful information
******************************


******************************
DYNAMIC SOLVER FAILED:
  use showHints=True to show helpful information
******************************


******************************
DYNAMIC SOLVER FAILED:
  use showHints=True to show helpful information
******************************


******************************
DYNAMIC SOLVER FAILED:
  use showHints=True to show helpful information
******************************


******************************
DYNAMIC SOLVER FAILED:
  use showHints=True to show helpful information
******************************


******************************
DYNAMIC SOLVER FAILED:
  use showHints=True to show helpful information
******************************


******************************
DYNAMIC SOLVER FAILED:
  use showHints=True to show helpful information
******************************


******************************
DYNAMIC SOLVER FAILED:
  use showHints=True to show helpful information
******************************


******************************
DYNAMIC SOLVER FAILED:
  use showHints=True to show helpful information
******************************


******************************
DYNAMIC SOLVER FAILED:
  use showHints=True to show helpful information
******************************


******************************
DYNAMIC SOLVER FAILED:
  use showHints=True to show helpful information
******************************


******************************
DYNAMIC SOLVER FAILED:
  use showHints=True to show helpful information
******************************


******************************
DYNAMIC SOLVER FAILED:
  use showHints=True to show helpful information
******************************


******************************
DYNAMIC SOLVER FAILED:
  use showHints=True to show helpful information
******************************


******************************
DYNAMIC SOLVER FAILED:
  use showHints=True to show helpful information
******************************


******************************
DYNAMIC SOLVER FAILED:
  use showHints=True to show helpful information
******************************


******************************
DYNAMIC SOLVER FAILED:
  use showHints=True to show helpful information
******************************


******************************
DYNAMIC SOLVER FAILED:
  use showHints=True to show helpful information
******************************


******************************
DYNAMIC SOLVER FAILED:
  use showHints=True to show helpful information
******************************


******************************
DYNAMIC SOLVER FAILED:
  use showHints=True to show helpful information
******************************


******************************
DYNAMIC SOLVER FAILED:
  use showHints=True to show helpful information
******************************


******************************
DYNAMIC SOLVER FAILED:
  use showHints=True to show helpful information
******************************


******************************
DYNAMIC SOLVER FAILED:
  use showHints=True to show helpful information
******************************


******************************
DYNAMIC SOLVER FAILED:
  use showHints=True to show helpful information
******************************


******************************
DYNAMIC SOLVER FAILED:
  use showHints=True to show helpful information
******************************


******************************
DYNAMIC SOLVER FAILED:
  use showHints=True to show helpful information
******************************


******************************
DYNAMIC SOLVER FAILED:
  use showHints=True to show helpful information
******************************


******************************
DYNAMIC SOLVER FAILED:
  use showHints=True to show helpful information
******************************


******************************
DYNAMIC SOLVER FAILED:
  use showHints=True to show helpful information
******************************


******************************
DYNAMIC SOLVER FAILED:
  use showHints=True to show helpful information
******************************


******************************
DYNAMIC SOLVER FAILED:
  use showHints=True to show helpful information
******************************


******************************
DYNAMIC SOLVER FAILED:
  use showHints=True to show helpful information
******************************


******************************
DYNAMIC SOLVER FAILED:
  use showHints=True to show helpful information
******************************


******************************
DYNAMIC SOLVER FAILED:
  use showHints=True to show helpful information
******************************


******************************
DYNAMIC SOLVER FAILED:
  use showHints=True to show helpful information
******************************


******************************
DYNAMIC SOLVER FAILED:
  use showHints=True to show helpful information
******************************


******************************
DYNAMIC SOLVER FAILED:
  use showHints=True to show helpful information
******************************


******************************
DYNAMIC SOLVER FAILED:
  use showHints=True to show helpful information
******************************


******************************
DYNAMIC SOLVER FAILED:
  use showHints=True to show helpful information
******************************


******************************
DYNAMIC SOLVER FAILED:
  use showHints=True to show helpful information
******************************


******************************
DYNAMIC SOLVER FAILED:
  use showHints=True to show helpful information
******************************


******************************
DYNAMIC SOLVER FAILED:
  use showHints=True to show helpful information
******************************


******************************
DYNAMIC SOLVER FAILED:
  use showHints=True to show helpful information
******************************


******************************
DYNAMIC SOLVER FAILED:
  use showHints=True to show helpful information
******************************


******************************
DYNAMIC SOLVER FAILED:
  use showHints=True to show helpful information
******************************


******************************
DYNAMIC SOLVER FAILED:
  use showHints=True to show helpful information
******************************


******************************
DYNAMIC SOLVER FAILED:
  use showHints=True to show helpful information
******************************


******************************
DYNAMIC SOLVER FAILED:
  use showHints=True to show helpful information
******************************


******************************
DYNAMIC SOLVER FAILED:
  use showHints=True to show helpful information
******************************


******************************
DYNAMIC SOLVER FAILED:
  use showHints=True to show helpful information
******************************


******************************
DYNAMIC SOLVER FAILED:
  use showHints=True to show helpful information
******************************


******************************
DYNAMIC SOLVER FAILED:
  use showHints=True to show helpful information
******************************


******************************
DYNAMIC SOLVER FAILED:
  use showHints=True to show helpful information
******************************


******************************
DYNAMIC SOLVER FAILED:
  use showHints=True to show helpful information
******************************


******************************
DYNAMIC SOLVER FAILED:
  use showHints=True to show helpful information
******************************


******************************
DYNAMIC SOLVER FAILED:
  use showHints=True to show helpful information
******************************


******************************
DYNAMIC SOLVER FAILED:
  use showHints=True to show helpful information
******************************


******************************
DYNAMIC SOLVER FAILED:
  use showHints=True to show helpful information
******************************


******************************
DYNAMIC SOLVER FAILED:
  use showHints=True to show helpful information
******************************


******************************
DYNAMIC SOLVER FAILED:
  use showHints=True to show helpful information
******************************


******************************
DYNAMIC SOLVER FAILED:
  use showHints=True to show helpful information
******************************


******************************
DYNAMIC SOLVER FAILED:
  use showHints=True to show helpful information
******************************


******************************
DYNAMIC SOLVER FAILED:
  use showHints=True to show helpful information
******************************


******************************
DYNAMIC SOLVER FAILED:
  use showHints=True to show helpful information
******************************


******************************
DYNAMIC SOLVER FAILED:
  use showHints=True to show helpful information
******************************


******************************
DYNAMIC SOLVER FAILED:
  use showHints=True to show helpful information
******************************


******************************
DYNAMIC SOLVER FAILED:
  use showHints=True to show helpful information
******************************


******************************
DYNAMIC SOLVER FAILED:
  use showHints=True to show helpful information
******************************


******************************
DYNAMIC SOLVER FAILED:
  use showHints=True to show helpful information
******************************


******************************
DYNAMIC SOLVER FAILED:
  use showHints=True to show helpful information
******************************


******************************
DYNAMIC SOLVER FAILED:
  use showHints=True to show helpful information
******************************


******************************
DYNAMIC SOLVER FAILED:
  use showHints=True to show helpful information
******************************


******************************
DYNAMIC SOLVER FAILED:
  use showHints=True to show helpful information
******************************


******************************
DYNAMIC SOLVER FAILED:
  use showHints=True to show helpful information
******************************


******************************
DYNAMIC SOLVER FAILED:
  use showHints=True to show helpful information
******************************


******************************
DYNAMIC SOLVER FAILED:
  use showHints=True to show helpful information
******************************


******************************
DYNAMIC SOLVER FAILED:
  use showHints=True to show helpful information
******************************


******************************
DYNAMIC SOLVER FAILED:
  use showHints=True to show helpful information
******************************


******************************
DYNAMIC SOLVER FAILED:
  use showHints=True to show helpful information
******************************


******************************
DYNAMIC SOLVER FAILED:
  use showHints=True to show helpful information
******************************


******************************
DYNAMIC SOLVER FAILED:
  use showHints=True to show helpful information
******************************


******************************
DYNAMIC SOLVER FAILED:
  use showHints=True to show helpful information
******************************


******************************
DYNAMIC SOLVER FAILED:
  use showHints=True to show helpful information
******************************


******************************
DYNAMIC SOLVER FAILED:
  use showHints=True to show helpful information
******************************


******************************
DYNAMIC SOLVER FAILED:
  use showHints=True to show helpful information
******************************


******************************
DYNAMIC SOLVER FAILED:
  use showHints=True to show helpful information
******************************


******************************
DYNAMIC SOLVER FAILED:
  use showHints=True to show helpful information
******************************


******************************
DYNAMIC SOLVER FAILED:
  use showHints=True to show helpful information
******************************


******************************
DYNAMIC SOLVER FAILED:
  use showHints=True to show helpful information
******************************


******************************
DYNAMIC SOLVER FAILED:
  use showHints=True to show helpful information
******************************


******************************
DYNAMIC SOLVER FAILED:
  use showHints=True to show helpful information
******************************


******************************
DYNAMIC SOLVER FAILED:
  use showHints=True to show helpful information
******************************


******************************
DYNAMIC SOLVER FAILED:
  use showHints=True to show helpful information
******************************


******************************
DYNAMIC SOLVER FAILED:
  use showHints=True to show helpful information
******************************


******************************
DYNAMIC SOLVER FAILED:
  use showHints=True to show helpful information
******************************


******************************
DYNAMIC SOLVER FAILED:
  use showHints=True to show helpful information
******************************


******************************
DYNAMIC SOLVER FAILED:
  use showHints=True to show helpful information
******************************


******************************
DYNAMIC SOLVER FAILED:
  use showHints=True to show helpful information
******************************


******************************
DYNAMIC SOLVER FAILED:
  use showHints=True to show helpful information
******************************


******************************
DYNAMIC SOLVER FAILED:
  use showHints=True to show helpful information
******************************


******************************
DYNAMIC SOLVER FAILED:
  use showHints=True to show helpful information
******************************


******************************
DYNAMIC SOLVER FAILED:
  use showHints=True to show helpful information
******************************


******************************
DYNAMIC SOLVER FAILED:
  use showHints=True to show helpful information
******************************


******************************
DYNAMIC SOLVER FAILED:
  use showHints=True to show helpful information
******************************


******************************
DYNAMIC SOLVER FAILED:
  use showHints=True to show helpful information
******************************


******************************
DYNAMIC SOLVER FAILED:
  use showHints=True to show helpful information
******************************


******************************
DYNAMIC SOLVER FAILED:
  use showHints=True to show helpful information
******************************


******************************
DYNAMIC SOLVER FAILED:
  use showHints=True to show helpful information
******************************


******************************
DYNAMIC SOLVER FAILED:
  use showHints=True to show helpful information
******************************


******************************
DYNAMIC SOLVER FAILED:
  use showHints=True to show helpful information
******************************


******************************
DYNAMIC SOLVER FAILED:
  use showHints=True to show helpful information
******************************


******************************
DYNAMIC SOLVER FAILED:
  use showHints=True to show helpful information
******************************


******************************
DYNAMIC SOLVER FAILED:
  use showHints=True to show helpful information
******************************

[wetsand2.0] 完成 (794s)
[wetsand2.0] → outputs/v25_bird_e18b/e18b_wetsand2.0.json
  臂           2.0   2.4   3.0   3.6   4.4   5.4   6.6   8.1   9.9  12.1  14.7  18.0  22.0  26.8  32.8  40.0
  bio           0     0     1     1     4     8    12    23    33    32    27    22    14     9     5     0
  geo           0     0     1     2     3     6    12    20    28    26    20    17    11     7     2     1
  elastic       0     0     0     1     3     8    11    16    22    20    14    10     5     0     0     0
  none          0     0     0     1     3     3     6     6     5     1     0     0     0     0     0     0

[e18b] 全部完成 → outputs/v25_bird_e18b
退出码 0
[累计 879 分钟]

=========== 6b/6 · E20 生成走廊 ===========
[e20_gen_corridor.py] v21 物理 = True  足端 = bearing
[e20] 1 臂 × 6 工况 × 16+3 级 × 216 = 24624 次评价/臂

Traceback (most recent call last):
  File "/mnt/zihanw/FFY/src/stage10_v2/e20_gen_corridor.py", line 221, in <module>
    main()
  File "/mnt/zihanw/FFY/src/stage10_v2/e20_gen_corridor.py", line 215, in main
    run_arm(arm, latest_ckpt(a.outroot, arm), conds, M_GRID,
                 ^^^^^^^^^^^^^^^^^^^^^^^^^^^
  File "/mnt/zihanw/FFY/src/stage10_v2/e20_gen_corridor.py", line 102, in latest_ckpt
    assert fs, f"找不到 {root}/v2_e5_{arm}/cvae_r*.pt"
           ^^
AssertionError: 找不到 outputs/v25_bird_root/v2_e5_bio/cvae_r*.pt
退出码 1
[累计 879 分钟]

=========== 6c/6 · E21 真鸟 vs 生成 ===========
[e21_bird_vs_gen.py] v21 物理 = True  足端 = bearing
[e21] AVONET 表: data/avonet_waterbirds.csv
[e21] 7 种 × 3 工况 × 2 = 42 次评价

=== 硬地 k_c=1e6 · v0=1.2 ===
物种                         体重kg    来源   L1mm    峰值g     η    行程mm    腿重g              判定
Tachybaptus ruficollis     0.17   真鸟   35.4   6.65  0.91    16.4      1        ×rebound
                           0.17   生成   34.8  10.37  0.74    13.9      1   ×gcap,rebound
Aythya fuligula            0.70   真鸟   31.6   8.79  0.84    14.3      3        ×rebound
                           0.70   生成   57.2   5.34  0.95    18.9      5        ×rebound
Anas platyrhynchos         0.84   真鸟   39.8   7.00  0.89    16.1      4        ×rebound
                           0.84   生成   60.5   5.10  0.96    19.4      6        ×rebound
Phalacrocorax carbo        2.53   真鸟   68.0   4.84  0.97    20.0     16        ×rebound
                           2.53   生成   81.6   4.37  0.97    21.7     21        ×rebound
Gavia immer                4.96   真鸟   87.0   4.44  0.96    21.6     35        ×rebound
                           4.96   生成   97.4   4.14  0.97    22.8     44        ×rebound
Pelecanus onocrotalus      9.32   真鸟  121.0   3.92  0.95    24.3     79           ×smax
                           9.32   生成  118.5   4.05  0.96    23.3     88              可行
Cygnus olor               10.68   真鸟   93.6   4.95  0.93    20.0     71              可行
                          10.68   生成  124.1   4.03  0.95    23.4    102              可行

=== 草地 k_c=1e5 · v0=1.2 ===
物种                         体重kg    来源   L1mm    峰值g     η    行程mm    腿重g              判定
Tachybaptus ruficollis     0.17   真鸟   35.4   7.21  0.90    15.5      2        ×rebound
                           0.17   生成   34.6  10.53  0.80    12.7      2           ×gcap
Aythya fuligula            0.70   真鸟   31.6   8.36  0.87    13.8      3              可行
                           0.70   生成   55.4   5.75  0.89    18.4      5              可行
Anas platyrhynchos         0.84   真鸟   39.8   6.85  0.89    15.8      5              可行
                           0.84   生成   58.3   5.42  0.90    19.1      7              可行
Phalacrocorax carbo        2.53   真鸟   68.0   4.50  0.93    21.0     16              可行
                           2.53   生成   75.6   4.16  0.93    22.6     20              可行
Gavia immer                4.96   真鸟   87.0   3.99  0.92    22.7     35              可行
                           4.96   生成   90.1   3.80  0.93    23.7     43              可行
Pelecanus onocrotalus      9.32   真鸟  121.0   3.66  0.90    24.7     83           ×smax
                           9.32   生成  111.9   3.83  0.91    23.5     91              可行
Cygnus olor               10.68   真鸟   93.6   4.46  0.89    20.1     65              可行
                          10.68   生成  118.0   3.89  0.90    23.4    106              可行

=== 湿沙 k_c=5e4 · v0=1.2 ===
物种                         体重kg    来源   L1mm    峰值g     η    行程mm    腿重g              判定
Tachybaptus ruficollis     0.17   真鸟   35.4  10.68  0.77    12.9      2           ×gcap
                           0.17   生成   35.1  12.06  0.70    12.7      2           ×gcap
Aythya fuligula            0.70   真鸟   31.6   9.40  0.90    11.5      3              可行
                           0.70   生成   59.7   6.70  0.90    15.7      7              可行
Anas platyrhynchos         0.84   真鸟   39.8   7.79  0.91    13.3      4              可行
                           0.84   生成   63.6   6.11  0.91    16.6      9              可行
Phalacrocorax carbo        2.53   真鸟   68.0   4.71  0.93    18.7     17              可行
                           2.53   生成   88.0   3.95  0.94    22.3     27              可行
Gavia immer                4.96   真鸟   87.0   4.16  0.93    21.0     36              可行
                           4.96   生成  102.4   3.72  0.93    23.6     54              可行
Pelecanus onocrotalus      9.32   真鸟  121.0   3.95  0.92    24.3     82           ×smax
                           9.32   生成  120.2   4.02  0.92    23.7    100              可行
Cygnus olor               10.68   真鸟   93.6   4.50  0.92    21.0     63              可行
                          10.68   生成  125.1   4.08  0.92    23.8    116              可行

[e21] → outputs/v25_bird_e21/e21_bird_vs_gen.json
退出码 0
[累计 879 分钟]

=========== 附 · E22 D/L 标度（v2.5 工厂已落盘 D_mm，不用再重评） ===========
/mnt/zihanw/FFY/src/stage10_v2/e22_dl_scaling.py:401: UserWarning: This figure includes Axes that are not compatible with tight_layout, so results might be incorrect.
  fig.tight_layout()
[e22] 从 v2.5 工厂直接读到 11586 条（零重评）
==========================================================================
① 夹逼诊断（D 被 D_MIN=4mm / D_MAX_RATIO=0.25 顶住的比例）
   tarso (L1)   触下界   0.0%   触上界   0.0%   合计   0.0%
   tibio (L2)   触下界   0.0%   触上界   0.0%   合计   0.0%
   femur (L3)   触下界   0.0%   触上界   0.0%   合计   0.0%
   全部段合计 0.0%
   → 在 20% 以内，指数可用。
   受哪条判据支配：from-factory=100%
==========================================================================
② 模型长出来的标度指数（只用未被夹住的样本）
   log D ~ α·log L      （逐段）
      tarso (L1)   α = +0.821 ± 0.010   R² = 0.679   n = 11586
      tibio (L2)   α = +0.717 ± 0.010   R² = 0.634   n = 11586
      femur (L3)   α = +0.632 ± 0.010   R² = 0.564   n = 11586
      合并三段         α = +0.483 ± 0.006   R² = 0.443   n = 34758
   log D ~ α·log m      （逐段，对体重）
      tarso (L1)   α = +0.417 ± 0.006   R² = 0.627   n = 11586
      tibio (L2)   α = +0.405 ± 0.005   R² = 0.660   n = 11586
      femur (L3)   α = +0.367 ± 0.005   R² = 0.638   n = 11586
      合并三段         α = +0.397 ± 0.003   R² = 0.635   n = 34758
   log (D/L) ~ α·log L  （细长比）
      tarso (L1)   α = -0.179 ± 0.010   R² = 0.092   n = 11586
      tibio (L2)   α = -0.283 ± 0.010   R² = 0.212   n = 11586
      femur (L3)   α = -0.368 ± 0.010   R² = 0.305   n = 11586
      合并三段         α = -0.517 ± 0.006   R² = 0.477   n = 34758
==========================================================================
②c 跨质量口径（分箱取中位后回归，与生物图同问）
   tarso (L1)   d/L ~ L^α  α = +0.089 ± 0.024 (R² 0.843, 12 个质量箱)   | L ~ m^0.391
   tibio (L2)   d/L ~ L^α  α = +0.034 ± 0.029 (R² 0.345, 12 个质量箱)   | L ~ m^0.394
   femur (L3)   d/L ~ L^α  α = -0.059 ± 0.027 (R² 0.654, 12 个质量箱)   | L ~ m^0.390
   注意：上面②里对全部样本直接回归 L 的那组，混进了同质量下换腿长的设计自由度，
        与生物图不是同一个问题；**比生物用这一组**。
==========================================================================
②b 理论锚点（同为 d/L ∝ L^α 口径）
   α = +0.000   等比 isometry                    合并三段距此 178.0σ
   α = -0.250   定弯曲刚度 EI/L³ = 常数               合并三段距此 91.9σ
   α = -0.500   定载荷 Euler 屈曲 F ∝ EI/L²         合并三段距此 5.9σ
   α = -0.667   定载荷抗弯强度 σ = Mc/I               合并三段距此 51.5σ
   （−1/2 就是会上 47:09 Hsia 说的那个 negative half：定载荷下的 Euler 屈曲）
==========================================================================
③ 与生物实测比较（口径 DL_vs_L → 用跨质量分箱，来源：Shizhuo Weng, 会议第 35 页 (2026-09-09, 45:45)；Heavy-bodied fliers (ducks/pheasants/cranes), n=63）
   tarso (L1)   生物 -0.380   模型 +0.089 ± 0.024   相差 38.5σ  不一致
   femur (L3)   生物 +0.120   模型 -0.059 ± 0.027   相差 13.2σ  不一致
   [备选] 同图 · Diving water-feeders (cormorants/herons/boobies tarso 生物 -0.57 vs 模型 +0.089 (54.1σ)   femur 生物 -0.39 vs 模型 -0.059 (24.3σ)
   [备选] 同图 · Wading shorebirds (sandpipers/plovers), n=24    tarso 生物 -0.12 vs 模型 +0.089 (17.2σ)   femur 生物 +0.12 vs 模型 -0.059 (13.2σ)
   [备选] 同图 · Open-ocean soaring (gulls/albatross/auks), n=25 tarso 生物 +0.02 vs 模型 +0.089 (5.7σ)   femur 生物 +0.20 vs 模型 -0.059 (19.0σ)
   [备选] 同图 · Forest fliers (songbirds/pigeons/parrots), n=13 tarso 生物 -0.24 vs 模型 +0.089 (27.0σ)   femur 生物 +0.14 vs 模型 -0.059 (14.6σ)
   [备选] 同图 · Raptors (hawks/falcons/owls), n=40              tarso 生物 -0.30 vs 模型 +0.089 (31.9σ)   femur 生物 +0.22 vs 模型 -0.059 (20.5σ)
   解读提示：一致 → 纯力学反推自发长成了生物的形状，这是非循环的证据；
             不一致 → 也是结果，说明生物在别的目标下选形（抗扭/骨髓/生长），
             正好接 Bigoni 33:04 那条「鸟骨是桁架不是实心管」。
==========================================================================
→ outputs/v25_bird_data/e22_dl_scaling.json
→ outputs/v25_bird_data/e22_dl_scaling.png
退出码 0
[累计 879 分钟]
